:400000000040002011000000810200008102000010B501F057F900F095FA00F039F9C04610B51222134B1A60302001F0C3F8BC229201114B1A60114B114A1A60CC218901E0
:40004000104A1160104A1A600024104B1C6040220F4B1A6001320F4B1A600F490D2000F0E5FF0D2000F0C2FF0C4B1C60002001F031F910BD30001040000301400000014092
:4000800040FF00800403014041FF0080280003401801014000010140691300000C02224010B572B6EE2212020E4B1A6099220E4B1A60933A0D4B1A60D82212010C4B1A6097
:4000C00002230C4A136031210B4A11600B4A1360C022D2010A4B1A60FFF7A2FF00F0C4F810BDC0460003024000040240080104400803044000040440080404401804044079
:400100000806044010B5064C2378002B07D1054B002B02D0044800E000BF0123237010BD400100200000000048180000084B10B5002B03D00749084800E000BF074803682C
:40014000002B00D110BD064B002BFBD09847F9E7000000004401002048180000B8000020000000007047C0467047C04610B500F013F800F07BFC012000F0A0FD012000F0B3
:40018000B1FD62B6FEE7C046024A1368013313607047C046B001002010B500F079FD024800F01AFD10BDC0465102000010B5124A136801331360272B1CD900220E4B1A6071
:4001C00000F088FD030058425841C0B200F076FD0A4A136801331360092B0BD90022074B1A60074A1368013313603B2B02D90022034B1A6010BDC0465C010020AC01002048
:40020000B40100200E4A51790E4B1B785371994203D001220A4B1A7102E00022084B1A71074A9179084B1B789371994203D00122064B1A7002E00022044B1A707047C046F9
:400240005C010020AC010020B4010020A801002010B5012000F02CFDFFF7A8FFFFF794FFFFF7D0FF10BDC0460322034B1A601D32024B1A607047C04630003040000E3F40EC
:4002800010B501F09FFA03680C2B00D1FEE7FEE770B50F4E0F4D13E029686B68AC68002202E001C901C30432A242FAD1E868002202E0002102C304328242FAD11035013E6F
:4002C000002EE9D101F084FAFFF750FFFEE7C04601000000DC18000010B500230AE0032B03D89A000B49505800E00B4899000B4A885001332B2BF2D9FFF7D2FE084B1B6827
:40030000002B02D10022064B1A6080229205054B1A6010BD000000008102000000000020B000002008ED00E0002306E04218013A12789B189BB2013989B20029F6D1584293
:4003400080B270470047C04610B58022024B1A6000F0A4FE10BDC046B0000020F0B583B00D006B469E1DDA8001230B7048701400AA70130ACB70171DB9B22800FFF7D4FFCC
:40038000E855631D000AE854A31D1722EA540734A1B296233200280000F0E6FB03B0F0BD70B505000E001400002802D0002000F03BFE002005E0013CAB19E3181B781818DE
:4003C000C0B2002CF7D170BD70B5C0B0050AFF2304009C43002304E01A5D6E46F25401339BB2FF2BF8D9FF2318406B461B5C8B4206D06B4619542804000C694600F00CFD8A
:4004000040B070BD10B50C2863D88000404B1B589F460B06591A0B023E4A9446634401225CE00B06591A0B023B4A94466344042254E00B06591A0B02384A94466344022266
:400440004CE00B06591A0B02354A94466344042244E00B06591A0B02324A9446634401223CE00B06591A0B022F4A94466344012234E00B06591A0B022C4A9446634402223A
:400480002CE00B06591A0B02294A94466344022224E00B06591A0B02264A9446634402221CE00B06591A0B02234A94466344042214E00B06591A0B02204A944663440122A9
:4004C0000CE00B06591A0B021D4A94466344042204E0002000F0A8FD02220023012A02D11878C0B200E00020022A03D11978587800020843042A09D11A7858780002104324
:400500009A7812041043DB781B06184310BDC0464C180000C0FF0100C1FF0100C5FF0100C9FF0100D0FF0100D1FF0100D6FF0100D2FF0100D4FF0100D8FF0100DCFF01005A
:40054000E0FF010010B50D4B1B68DB0602D400220B4B1A600A4B1B68802B0ED10022084B1A6000210220FFF74DFF002805D000210220FFF747FFFFF7E5FE10BD54000340C3
:40058000B000002070B5050001000320FFF73AFF441C240229000420FFF734FF241829000620FFF72FFF012828D029000320FFF729FF421C12020023002608E01078411E2E
:4005C000C9B2FD2900D801261B18DBB20132A242F4D35B42DCB229000120FFF713FF84420ED1002E0ED02B065D1B2802064B9C4660440121FFF7E8FE002004E0002002E0E1
:40060000062000E0062070BDD1FF0100F0B55F4656464D464446F0B4C24CA544050000F05DFA62B600239A46984600930A240027002D01D1FF2300E02B00BB4A02A98C4617
:4006400062449621490090A800F050FA002D01D0013CE4B2002C01D00028E9D1002800D0F2E1B14B02AA944663441B88062B24D990AA1278012A22D190A9CA78120289787B
:400680000A431700110007329A421AD896235B009A4218D87A1D90AB9E5C3202381D1E5C164306315B5C172B0FD181B290A8FFF73BFE86420BD100260AE0042608E004261C
:4006C00006E0032604E0032602E0042600E00826002E00D066E190AB1A7993465A781300313BD9B20A2900D92CE18B008F49CB589F464346012B00D056E1002F00D056E186
:400700000020FFF73FFF4342434190AA1371012293E14346012B00D04CE1012F00D04CE15B46002B00D04BE1814B1B681B685A0CD2B2934503D11B0ADB05DB0D05E093454E
:4007400001D9002301E080239B0090AA13711B0A5371FF239371FE3BD37104226DE1342A0ED14346012B00D02DE1032F00D02DE1CC32002145A801F05AF880235B009A4692
:400780004346012B00D024E1022F00D824E145A85044FA1E674902AB9C46614401F03EF83B0053449BB20422FF32934200D016E190AA93791B02527913439A465E4B9A45FF
:4007C00000D90A26002E00D010E15B465F02BFB25744BFB2564B1B681A68130A9BB2FF21114201D001339BB2BB4200D902E1009B002B0BD180225200002105A801F017F890
:4008000005A94D4800F008FB0123009345A9380000F002FB002800D1F3E000239A4680277F000A26002208E14346012B00D109E10426002201E14346012B00D0E7E0534605
:40084000FB1896225200934200D9E3E045A850443A0091A900F0E2FF5346FB189BB29A460022EAE0002F00D0D7E005AA334B03CB03C291AA05AB03CB03C200239A46013334
:4008800098460822D9E04346012B00D0C8E0032F00D0C8E090AA93791B025279134399465B46590249440902234B994500D90A26002E00D0BAE0802252000020FFF770FD45
:4008C000030001905A46520292B24A4492B25946002913D118498A4210D100210520FFF791FDC0B2019B1B1ADBB2994600210620FFF788FDC3B24A46D31ADBB25B4290AA0F
:400900001371012299E00020FFF73CFE002802D180220B4B1A6000F0E5F800F0BFFB042600228AE08CFCFFFF6603000080180000BC0000203F020000FF010000AC18000045
:40094000B0000020484B1E68002E71D04346012B71D102AB1A71DF8091AB04930C22002105A800F064FF05AB9B4691AA0792190003A8B0475B469A882623FF339A4203D959
:4009800091AB0799994207D0079B002B01D1002A05D1059BDEB250E00E2600224DE00E2600224AE0002248E00426002245E00426002242E0042600223FE0042600223CE0AB
:4009C0000426002239E00426002236E00426002233E00426002230E0042600222DE000239A4680277F000326002226E080277F00002222E000239A4680277F000A260022DD
:400A00001BE000239A4680277F00002215E00426002212E0032600220FE0042600220CE00426002209E00426002206E0002204E00526002201E00526002290A93000FFF784
:400A40008DFC01E000239A46002D00D1F0E54346012B00D1ECE5DD239B009D443CBC90469946A246AB46F0BD6401002070B50020FFF788FD002801D0062400E00024154D62
:400A80002B681A68C03AC0210020FFF789FC6B681B78C01AC0B24042C0B2834204D10D4B1B681B68002B02D1002000F0BDFA0A4B1B68402B01D0002C05D00022064B1A6046
:400AC0000020FFF7A3FD0A20FFF7A0FDFFF73CFC70BDC046BC000020B000002010B500F0C7FC10BD10B500F0D3FC10BDF0B583B007000E00019200282DD000292ED09A007A
:400B0000D3185C0000F0F4FC002811D000F0F0FC0500AE2000F0BAFB00F0EAFC8542F5D1B54200D93500019B1D800023019308E0012000F0BFFA013C002CE3D100251023B2
:400B40000193002404E03E1900F0B8FC30700134A542F8D804E00123019301E001230193019803B0F0BDC04670B50C001500002806D0002906D000F007FD2C80002002E039
:400B8000012000E0012070BD8423014AD05070470000002010B5040000F043FC044A1168044B0B40A4031C43146000F03EFC10BD10E400E0FF3FFFFF80229202014B1A6027
:400BC0007047C04600E100E080229202014B1A607047C04680E100E010B50400FFF7F4FF2000FFF7D1FF0320FFF7D4FFFFF7E4FF10BDC0460004000C014B18607047C046BC
:400C0000080120400004000C014B18607047C0461401204070B504000D0000F002FCAC40024B1C6000F001FC70BDC0460800204010B500F0F6FB064A116801230B43136090
:400C400000F0F3FB18210120FFF7E4FF10BDC04600002040014B18607047C0463801204010B580229204074B1A600C22064B1A600120FFF7EFFF0548FFF7C4FF0020FFF733
:400C8000B9FF10BD0001204024012040E703000010B5064B1B78002B04D1FFF7E1FF0122024B1A70FFF7C4FF10BDC04668010020014B18607047C04630012040044A136876
:400CC000DBB201218B430840184310607047C04600010440024B1B68012018407047C0460401044004490A68D2B210239A43000118401043086070470006044082B0134B1B
:400D00000093134B0193134B6A461A601249134A1160C0461B681B0F1B07F0221206934204D10C4B1B68FF2018400DE0094B1B681B0F1B07A0221206934204D0054B1B681D
:400D4000FF20184000E0002002B07047B6E900006C010020080010401600008004001040104B114A1A601149114A1160C0461B681B0F1B07F0221206934204D1094B1B684F
:400D8000FF2018400DE0074B1B681B0F1B07A0221206934204D0034B1B68FF20184000E00020704708001040B6E80000150000800400104082B0134B0093134B0193134BDA
:400DC0006A461A601249134A1160C0461B681B0F1B07F0221206934204D10C4B1B68FF2018400DE0094B1B681B0F1B07A0221206934204D0054B1B68FF20184000E00020C9
:400E000002B07047B6EA00006C01002008001040170000800400104030B5C5B004000023439342933D4B984273D8002971D08022520002A800F0F2FC394B0093FF2301934D
:400E4000384B6A461A603849384A1160C0461B681B0F1B07F0221206934204D1314B1B68FF2213400DE02F4B1B681B0F1B07A0221206934204D02B4B1B68FF22134000E02F
:400E800000234393439B002B45D100F0CAFA0500FFF734FF4290429B002B02D1FFF760FF4390439B002B25D1214A0092009A2404144300941B4A694611601E481B49086003
:400EC000C0461268120F1207F02109068A4204D1144B1B68FF2213400BE0124A1268120F1207A02109068A4203D00E4B1B68FF2213404393429B002B07D1FFF75BFF42908F
:400F0000429B002B01D0429B4393280000F08DFA01E004234393439845B030BDFF010000B6D70000080010400400008004001040B6D800000500008070B5040000F071FA97
:400F40000500102C05D8104A136803218B43136016E0202C07D80C490B6803229343023A13430B600CE0302C07D807490B6803229343013A13430B6002E0002000F054F819
:400F8000280000F052FA70BD300010400C4B1B689B001C22134018330A4A1268920803210A40D34008490868084A02400A60084A944663441B78DBB2064A13607047C046B4
:400FC000080F03402800034000002240FFFFFFBF4DF3FF0F0C0F0340034B18688023DB05184000D001207047000022401F2318401E3B8340014A13607047C04600E100E0BD
:401000001F2318401E3B8340014A13607047C04680E100E01F2318401E3B8340014A13607047C04680E200E001BE704770B504000D001B2802D90020FFF7F6FF1034A4000E
:4010400080239B059C4664442068256070BDC04670B504000E00032902D90020FFF7E4FF1B2C02D90020FFF7DFFF03252540ED00063500F0D6F9A408A400074B9C46644476
:4010800021680323AB4099430B003100A9401943216000F0CAF970BD00E400E0034A13681B041B0C02490B43136070470CED00E00400FA0510B5040006E0084B586800F0B5
:4010C000A7F9074B9C46644480231B029C42F4D8024B9868604300F09BF910BDC40000200080FFFF70B582B000F0E2F800284DD000F097F90500264B1A6892001C231A405E
:401100001832244B1B689B0803210B40DA400021214B1960214C2168214B0B4021494A438021C9018C466244D20B013A5205520D1343A0225203134323601B4B1B68019329
:401140003020FFF7F9FE194A13688021C9050B4313602668164B1E40002407E00120FFF7A9FF1034A30533430C4A1360EE2CF5D90120FFF79FFFFF239B051E43074B1E6052
:40118000019A094B1A60280000F04FF902B070BD080F0340280003400C0F03400800224000F800C040420F003000104000002240FFFF3FC0F0B583B0040018280BD01C2897
:4011C00009D0202807D0242805D0282803D02C2801D0302849D100F024F90190FFF7FCFE002803D0FFF7D2FE012600E00026214A136807218B4313601F4BE3181B78DBB2CC
:401200001E4A13601E4A13688B4313601D4803687F22934319001C4BE3181B7813400B430360322000F0F4F8182C16D9114F3B680725AB431A0023001C3B9B082B401343E0
:401240003B60322000F0E4F83A68AA432300183B9B082C001C4014433C60012E01D1FFF741FF019800F0E1F802E00020FFF7DCFE03B0F0BD080F03404DF3FF0F0C0F0340C1
:40128000100F0340180F034034F3FF0F10B5034B1B7B584300F0BCF810BDC046C4000020024B1868800F80077047C0460C022240034B1B68002B01DA012000E000207047CF
:4012C00000002240014A024B1A6070476588EDAC3800034010B50400FFF7E2FFA0421AD0144A136803218B431360134B1B689B0F01D17C2001E086204000FFF7C7FF00F0AC
:4013000090F80D4A13689B009B08A40FA4071C43146000F08AF8074B1B6803229343064A1268920F01D1023200E001221343014A136010BD140222400C02224010B504009C
:4013400000F06FF8054B1C4005490B68054A134023430B600B6800F068F810BD0404040010022240FBFBFBFF10B5244B1B685B0715D5234B1B685B070ED5224B59690420AA
:4013800001401F4C22688A4322605A6982435A619B68002B00D098470420FFF7CFFF174B1B685B0518D5164B1B685B0510D5154B59698022D2001140114802688A4302606C
:4013C0005969114A0A405A61DB68002B00D098478020C000FFF7B2FF084B1B685B030CD5074B1B685B0304D5064B1B69002B00D098478020C002FFF7A1FF10BD100222409E
:40140000D800002084010020FFFBFFFF000000000230800803D001300238FCD1C046C0467047EFF3108072B6704780F31088704710B50720FFF7DAFD10BDC04610B500F03B
:4014400025F910BD10B500F033F910BD10B500F0A7F810BD10B5054A1368802109060B431360FFF7E5FFFFF7E9FF10BD0000244010B5064B1B78002B04D1FFF7E7FF012221
:40148000024B1A70FFF7E6FF10BDC0469C01002010B50720FFF7B4FDFFF7D4FF054A13685B005B0813600022034B1A600720FFF7B1FD10BD00002440880F2440094B1A68DC
:4014C000094B1B689A420BD0074B1B680133412B00D10023054AD05CC0B2034A136000E000207047C0010020BC0100200C020020074B1B68074A1268934203D3054A106893
:40150000181A04E0034A10681B1A413318007047C0010020BC010020144B1A68144B1B689A4208D1134B1B681F221340082B02D0114B186019E00D4B1A680132402A00D193
:4015400000220B4B1B689A42FBD002230B490B60C0B20B49885405490A600A4A1268134203D1084A11680B4313607047C4010020B80100200802244040022440800F24408C
:40158000C8010020880F244070B506000D00002403E0305DFFF7C0FF0134AC42F9D370BD70B5204A204B1A600024204B1C60204A204B1A60204B214A13600721204A116090
:4015C000204A14600639204A1160204A1360204B1C6004251F4B1D600720FFF711FD03210720FFF735FD1C490720FFF71FFD1B4B1C601B4B1C601B4B1C601B4B1C601B4BF5
:401600001D601B4B1C601A681A4B1A801A4B1C601A4B1C601A4B1C701A4B1C601A4B1C6070BDC04607000002000024404000244001000A004800244007000080000324406C
:40164000040324401003244044002440000224400402244050002440D9160000880E2440C80E2440480F2440080F2440C80F2440880F2440A4010020C0010020BC0100204A
:4016800008020020C4010020B801002005490B68F0229343603A13430B60034B1A88034B1A60704700040240A4010020880F2440064A1368F0218B431360054B1A68E423D3
:4016C000DB001340034A13807047C04600040240880F2440A401002010B5FEF743FD284B1B68002B00D09847264B1B685B071DD5254B1B680133412B00D10023234A126899
:40170000934205D1224B1B682022224B1A7006E01F4A1268D2B22049CA541B4A13601F4B1B68DB06E4D104221D4B1A601D4B1B689B0721D51C4B1A681C4B1B689A4213D089
:401740001A4B1B680133402B00D10023184AD25CD2B218490A60154A1360174B1B681F221340082BE6D104E0144A136802218B4313600222124B1A60FEF7F6FC10BDC04604
:40178000A0010020CC0F2440C0010020BC01002040032440080200200C02002008032440C00F24408C0F2440C4010020B8010020C80100204002244008022440880F244015
:4017C000800F2440014B18687047C0463C0100200E4B70B500251E000D4CE41AA410A54204D0AB00F35898470135F8E700F064F8084B00251E00084CE41AA410A54204D0FC
:40180000AB00F35898470135F8E770BDC4180000C4180000C4180000CC180000002310B59A4203D0CC5CC4540133F9E710BD03008218934202D019700133FAE770470000C8
:40184000001A0000FF00000000000000D2040000120400002204000032040000420400005204000062040000820400007204000092040000A2040000B2040000C204000051
:40188000F206000012070000440900005E070000280800004409000036080000640800005E0700008608000006090000B5116A25003C010143000000F8B5C046F8BC08BC3B
:4018C0009E4670472D010000D9020000F8B5C046F8BC08BC9E46704705010000F0180000B8000020880000001001000000000000000000004018000044180000010000004A
:401900000000C05D80BB000030000000006CDC02040404000000000000000000000000000000000000000000000000000000000000000000B41800000000000000000000FD
:4019400000000000000000000000000000000000000000000000000000000000000000000000000000000000000000000000000000000000DC00002000000000000000006B
:401980000000000000000000000000000000000000000000000000000000000000000000000000000000000000000000000000000000000000000000000000000000000027
:4019C00000000000000000000000000000000000000000000000000000000000000000000000000000000000000000000000000000000000000000000000000000000000E7
:401A000000400020111A00008D7000008D70000010B5034B83F3088806F008FC05F056FB0040002010B51222204B1A60302006F06FFBBC2292011E4B1A601E4B1E4919603D
:401A40001E490A601E4A1A60802149001D4A11601D4A1A609C2189021C4A11601C4A1A60F92109021B4A11601B4A1A6020221B4B1A6021321A4B1A6001321A4B1A60023A95
:401A8000194B1A600432194B1A60013A184B1A6018490D2006F078FA0D2006F05FFA0022154B1A60002006F0D5FB10BD30001040040301400000014041FF008008030140E6
:401AC00042FF00800003014040FF00801003014044FF00800C03014043FF00802800034048010140180101400C0101400401014000010140E98200000C02224010B572B60C
:401B00001C4A1D4B1A6099221C4B1A601C4A1D4B1A601D4A1D4B1A6070221D4B1A601D4A1D4B1A603F231D4A13601D4A13603D3B1C4A13601C491D4A11601D4A13601D4A8E
:401B40001360B221FF311C4A11601C4A136003331B4A13601B491C4A11601C4A136003221B4B1A6033321B4B1A60FFF75BFF05F073FA10BD99EE0000000302400004024042
:401B80000F0F0000000602404B6C0000080004400001044006601B0008010440000204401802044000030440B10D000008030440180304400004044008040440180404405A
:401BC00000060440866100000806044018060440000704400807044010B5064C2378002B07D1054B002B02D0044800E000BF0123237010BD5801002000000000E4D00000C4
:401C0000084B10B5002B03D00749084800E000BF07480368002B00D110BD064B002BFBD09847F9E7000000005C010020E4D00000B80000200000000010B5C82006F0E8F939
:401C400000F034FB00F030F804F0BCF801F004F800F094F800F06AFA04F0CEFC00F006FB03F062FD00F05EFA62B600F05DFA00F05FF800F089F801F087F900F027FD03F0F0
:401C80002FFE04F07DFA00F0F3FAEEE7014B18687047C04650020020024A1368013313607047C0465002002010B505F0FBFB024805F09CFB10BDC046011D00000D4A1368F9
:401CC00001331360632B14D900220A4B1A600A4A136801331360092B0BD90022064B1A60064A1368013313603B2B02D90022034B1A607047740100204C0200205402002089
:401D000010B5012005F0DEFB01F0F2F8FFF7D6FFFFF7C2FF00F0F6FB00F0B8FB00F066FB10BDC046014B18787047C046480200200E4A51790E4B1B785371994203D0012244
:401D40000A4B1A7102E00022084B1A71074A9179084B1B789371994203D00122064B1A7002E00022044B1A707047C046740100204C020020540200204802002010B505F079
:401D8000AFFD05F0BDFD10BDF8B5012005F0C2FD00280CD1AFE1200005F0D0FDD64BA200D1588C466044D0500134E4B200E00024052CF0D9D14A136801331360C72B00DDAB
:401DC00086E098E13500B300CB4A9858C82108F091F801B2300005F0C7FD042800DC00206B00C74A9852C749EB005A5CCB1859780902114309040C14001BC34A50439A78C5
:401E0000D9780902114309040B14191B08F072F8002800DA002000B26B00BC4A9852052801DC00219952B94C6F003B5FFA2080005843EA00B34B9B1819795A7912020A4347
:401E4000997909040A43D9790906114308F052F800B23853AC4B984201DDAB493953AB000021A54A99506A00A849505EA84A9F5CD3185A7812023A4311009C78240422003C
:401E80000A43DC782406144308F036FE211C08F077FBA04908F0AAF9071C011C201C08F065F9002800D13C1C0021201C08F05EF9002800D00024984AAB00D454210AD318F3
:401EC0005970220C9A70240EDC700136F6B200E00026052E00D875E7904B9B88002B0ED18E4AD288002A0AD18B4B00213022995401329954013299540132995470E0002BC7
:401F000035D0854C217A637A1B020B431A00A07A000403001343E07A00061843804D2E796B791B0233431A00A97909040B001343E9790906194308F023FB2E786B781B027E
:401F400033431A00A97809040B001343E9780906194308F04BF93023E054020A0133E254020C0133E254000E0133E05438E06B4BDB88002B34D0684C217B637B1B020B4356
:401F80001A00A07B000403001343E07B00061843634D2E796B791B0233431A00A97909040B001343E9790906194308F0E9FA2E786B781B0233431A00A97809040B001343EE
:401FC000E9780906194308F011F93023E054020A0133E254020C0133E254000E0133E0544E4B1B89002B0AD14B4B00213422995401329954013299540132995434E0464CE5
:40200000217C637C1B020B431A00A07C000403001343E07C00061843414D2E7A6B7A1B0233431A00A97A09040B001343E97A0906194308F0A5FA2E786B781B0233431A0075
:40204000A97809040B001343E9780906194308F0CDF83423E054020A0133E254020C0133E254000E0133E0542C4B5B89002B0AD1294B0021382299540132995401329954DC
:402080000132995434E0244C217D637D1B020B431A00A07D000403001343E07D000618431F4D2E7B6B7B1B0233431A00A97B09040B001343E97B0906194308F061FA2E783F
:4020C0006B781B0233431A00A97809040B001343E9780906194308F089F83823E054020A0133E254020C0133E254000E0133E0540022024B1A60F8BD700200207C010020BC
:4021000058020020E009002088130000640200209C0A002000409C45600A002088020020BC0A00207047C0467047C04610B505F0C3FC10BD30B583B0134B984200D91800F9
:4021400001ABCC0159787F2529402143C9B24024A14320242143541EA2411401CAB210218A4322435A700005000D1C88240B24030443200A05F0B0FCE0B205F0ADFC322086
:4021800006F032F803B030BDFF0F000010B502280DD8002802D105F027FC08E0012803D1002005F069FC02E0002005F0C1FA10BD10B5012005F018FC012005F05DFC01200D
:4021C00005F0B6FA10BDC046F0B583B005000C001600019347007F18FB00214AD218117953791B0219439079000403000B43D079000618437043FA21890007F07BFE86B2D0
:40220000184B9E4200D91E00052F27D87A00164BD6522800FFF7BAFF114AFF00BB5CD7197D782D021D432D042D14BB78F8780002184300040014401B70430A4907F05AFE38
:40224000281800D500200003064907F053FE80B2019A2100FFF76EFFFFF7AAFF03B0F0BDE009002088130000880200207047C04610B500F06DFE00280AD1FFF753FD0028A3
:4022800006D005F0C9FB43425841C0B205F0B8FB10BDC046024B034A1A60034A5A6070478001002095230000A923000010B500F065F8FFF7EFFF10BD70B5060000250B4B24
:4022C00010E0725D5340012209E001241C405B08002C02D0064843409BB20132D2B2082AF3D901358D42ECD3180070BDFFFF000001A0FFFF70B582B005000E001400110096
:402300003000FFF7D9FF6B46D8800A4B1B68002B0CD022003100280098472818054B1B680222694606319847A01C00E0002002B070BDC0468001002070B582B006000C00B6
:4023400015000D4B5B68002B11D0984730186B469E1D094B5B6802223100984729002000FFF7AAFF3388984203D1012002E0002000E0002002B070BD8001002010B503483F
:4023800005F020FC024B187010BDC04600D100009402002010B51400024B06F0B5FA200010BDC046540E002010B51400024B06F093F9200010BDC046540E002010B505F0C6
:4023C00043FC084A1070084A1278904205D0064A1070002803D0012002E0002000E0002010BDC046B4020020A802002010B51E4B1B78002B08D1FFF7E1FF002833D01A4BBD
:4024000001221A705A702EE0174B5B78002B2AD0154A536801335360D622FF3293420ED8FFF7CCFF00281ED00F4B00221A705A705A6001321A725A7A01325A7213E00B4A9D
:40244000934209D8FFF7BAFF00280CD0064B00221A705A705A6006E0034B00221A705A705A601A725A7210BD880100205B030000014B187A7047C04688010020024B00222F
:402480001A725A727047C0468801002010B505F0CBFB041E10D10A4B9B7A002B0CD005F0CBFB002804D1064AD3680133D36003E0034AD368013BD360014B9C7210BDC046B9
:4024C00088010020054B1A69DB689A4203DD034A1361012000E000207047C04688010020054B1A69DB689A4203DA034A1361012000E000207047C0468801002010B505F048
:40250000A3FB10BD70B5FFF7F9FF00230FE002001A41D20709D52B4D5A00D1184C0021002C19A4886918621C8A800133DBB2002BEDD0254A938A01339BB29382272B3DD823
:402540003FE0250063001B195A001E4BD35C002B12D06200121953001A4AD3189B880B2B20D81000620011194B0000211954C31801229A70597015E0620012195300114A8B
:40258000D3189B88182B0DD91000620011194B0001211954C318597000229A70FFF776FB0A4B18606B005D196B00064AD31800229A80054B9A820134E4B200E00024002C40
:4025C000BFD070BDAC0200208801002098020020034B5878002802D000225A7001207047AC02002010B50D4B1C78002C0DD0FFF74DFB0B4B1B68C01A0A4B98420ADD074B31
:4026000000225A709A70012405E0FFF73FFB044B186000E00024200010BDC046AC02002098020020E703000010B5002302E0CC5CC45401339342FAD310BDC04630B500237F
:4026400004E0C55CCC5CA54204D101339342F8D3002000E0012030BD70B50500140000681B1A934207DB0AF0CDF82B689C4664442C60002000E0052070BDC0460368D21AE6
:40268000002A05DD1970036801330360002000E00520704770B505000800140029685B1A934207DB0AF0AEF82B689C4664442C60002000E0052070BD10B5034C012323703E
:4026C000FFF7E4FA606010BDA401002010B50D4B1B78002B10D0FFF7D9FA0A4B5B68C01A094B98420CDD05F09BFDFA20C00005F0A5FD05F0B1FA03E0FFF7C8FA014B5860EA
:4027000010BDC046A4010020E7030000036958787047C046036998780002DB78184370470369187900025B7918437047438882880F2B08D8002A03D0FF21034AD15402E0F6
:402740000021014AD1547047B8020020F0B503699C4643888288D608F6B20720104001D00136F6B2DBB2072732E06246D45D0137FFB2012E13D8002226E00F2B2AD8210094
:402780001141C90703D501251349CD5402E000251149CD540133DBB20132D2B200E00022082AEAD112E00F2B14D821001141C90703D501250849CD5402E000250649CD5451
:4027C0000133DBB20132D2B28242ECD1013EF6B2002ECAD1F0BDC046B802002043888288C72B02D85B0001495A52704758040020F0B504694688A5796D08002007230EE0D3
:40280000E25C1202591CC9B2615C0A430233DBB28119C72905D84900024FCA530130A842EED3F0BD5804002010B504004378062B0ED002D8052B05D00FE00F2B05D0102BBC
:4028400009D00AE0FFF772FF07E0FFF77FFF04E0FFF7C4FF01E0FFF7CBFFA369002B01D02000984710BDC04630B500250D4B11E0425D5340012209E001241C405B08002C1A
:4028800002D0094C63409BB20132D2B2082AF3D90135ADB28A1E9542EADB180A1B02034398B230BDFFFF000001A0FFFFF8B54F464646C0B48046456941888388DA08D2B22A
:4028C000944607271F4003D013000133DBB29C46C9B2E146032633E04B46012B12D8002326E0254B5B5C002B01D0012400E00024AB199440187844401C700131C9B20132D6
:40290000D2B200E00022082AEBD10136F6B213E0194A525C002A01D0012200E00022AC199A402078424022700131C9B20133DBB2BB42EDD10136F6B248460138C3B29946B2
:402940004B46002BC8D10236F6B202332B7043465B786B706346AB70B1B2434659812800FFF782FFB31E020AEA54013EA8550CBC90469946F8BDC046B8020020F8B54F4647
:402980004646C0B48046456941888388DA08D2B2944607271F4003D013000133DBB29C46C9B2E146032633E04B46012B12D8002326E0254B5B5C002B01D0012400E000247F
:4029C000AB199440187844401C700131C9B20132D2B200E00022082AEBD10136F6B213E0194A525C002A01D0012200E00022AC199A402078424022700131C9B20133DBB28F
:402A0000BB42EDD10136F6B248460138C3B299464B46002BC8D10236F6B2B1B24346598102232B7043465B786B706346AB702800FFF71AFFB31E020AEA54013EA8550CBCD5
:402A400090469946F8BDC046B8020020F0B5474680B480464569448883889C461F002200032317E0C72A0BD8184E5000815B090AE954591CC9B2865B6E540233DBB208E028
:402A8000E91800260E70591CC9B269180E700233DBB20132E1198A42E4D30233DCB2A1B24346598102232B7043465B786B7063465E00AE702800FFF7D7FEA31E020AEA547D
:402AC000013C285504BC9046F0BDC04658040020F0B5474680B480464569448883889C461F002200032317E0C72A0BD8184E5000815B090AE954591CC9B2865B6E540233E8
:402B0000DBB208E0E91800260E70591CC9B269180E700233DBB20132E1198A42E4D30233DCB2A1B24346598102232B7043465B786B7063465E00AE702800FFF795FEA31E13
:402B4000020AEA54013C285504BC9046F0BDC046C802002070B50400C369002B00D098476378102B2BD89B00154AD3589F462000FFF79CFE23E02000FFF700FF1FE02000E5
:402B8000FFF764FF1BE02000FFF7A2FF17E0656902232B7063786B7063881B0AAB70A378EB70A3881B0A2B7123796B7108212800FFF75AFE030AAB71E8710823638170BD6D
:402BC00000D9000010B543189A1E14782402013B1B781C4389B2FFF747FE844201D1012000E0002010BDC04610B504000069A1790378022B11D1FFF7E5FF00280FD020006B
:402C0000FFF784FD60702000FFF784FD60802000FFF786FDA080002002E0072000E0062010BDC046074B02221A70074A1A61074A5A61FF221A819A81054A9A61054ADA6198
:402C40007047C046E8070020E8060020E80500201D2E0000012D000010B504F09FFA034804F0ACFAFFF7DEFF10BDC046A92E000010B582B04388002B23D1134C01949134A6
:402C8000FF3423000C22114901A8FFF7E5FC04F0D7FE0100220001A8FFF7F0FC04F0E4FE0100220001A8FFF7E9FC23000C22084901A8FFF7D1FC23003C22064901A8FFF745
:402CC000CBFC02B010BDC046C80200205802002088020020600A002010B542885400064BE418372A07D1313A04492000FFF79CFC0023A371E37110BD5804002044D9000030
:402D000010B54378032B02D0042B03D004E0FFF7E3FF01E0FFF7ACFF10BDC046F0B5474680B482B0050041884C00374BE4180194C822531A5B00E418002925D1324B4800A9
:402D40004A1C5200D25A90468A1C5200D75ACA1C5200D65A0A1D5200D55A05314900CC5A185E03F037FA434618B203F069FA38B203F09CFA30B203F0D3FA28B203F00AFB91
:402D800020B203F041FB3AE014290BD11E4C4900605C04F049FE6B8801335B00E05C04F057FE2CE0192910D123002022174901A8FFF770FC23001022154901A8FFF76AFC77
:402DC00003F0D4FB04F02CF919E01E2908D123002822104901A8FFF75DFC04F0E1F80EE02D2908D1230030220B4901A8FFF752FC03F0D8FB03E04D2901D1FFF75DFC02B08F
:402E000004BC9046F0BDC046580400209C0A0020BC0A0020040B0020E009002010B54378102B01D1FFF77AFF10BDC04670B51A4B1B78002B11D0184C657804F099FA174BC7
:402E400058556378FD2B02D80133134A5370124B00229A705A78124BDA80124B1B78002B18D0002004F0B4FD0B4C657804F080FA0A4B58556378FD2B02D80133064A5370D2
:402E8000054B5978064AD18001221A70002205490A709A7070BDC046AC010020E8060020E8070020BC00002010B50C4B1B685B0708D5FFF7BBFF0A4B1B68DB06F9D104227F
:402EC000084B1A60084B1B689B0506D5002004F09FFE80229200054B1A6010BDCC0F244008032440C00F24408C0F2440800F24400E4B1B78002B18D00C4BDA780C4BDB8803
:402F00009A4203D109498A7801328A70074A9278032A08D90121074A1170044A11710021117091705170014AD3707047AC010020E8070020BC00002070B504000D0001207B
:402F400004F066FE2900200004F086F970BDC046014B58797047C046AC01002010B5084B5B79002B0AD0FEF791FE054B9B68C01A044B984202DD0022014B5A7110BDC046AD
:402F8000AC010020B70B000010B5174B1B79002B26D004F041FD43425841C0B204F030FD1248FFF721FE002817D1104C2000FFF73BFC2000FFF7CEFD04F096FA4342584118
:402FC000C0B204F085FA6069A17AFFF7B5FF064C01236371FEF75AFEA0600022024B1A71FFF7BCFF10BDC046AC010020E80700200122014B1A707047B801002010B5064BCE
:403000001878002806D000221A70FEF73FFE034B1860012010BDC046B80100200808002010B50400FEF732FE064B1B68C01AA04205DBFEF72BFE034B1860012000E00020FE
:4030400010BDC0460808002070B51500074A1468844201DA106003E08C4201DD034A11601A000249280009F0CDFB70BDBC01002010B5044C2060002323710A2107F020F80A
:40308000617110BDBC010020F8B5114D2879013009F02CFB02000B0000200E4905F090FD09F0EEFA07000A2106F024FF04002E683900300007F004F80800210006F01AFF37
:4030C0006043361A6879444334192C60F8BDC046BC01002000002440F0B55F465646C0B48DB08346069107921F0014AB40CB1B789A4616AB1C78FFF76BFA002828D0E74AB3
:4031000013790133DBB21371E54A1278934202D30022E24B1A71FFF76BFFE04D2879013009F0E4FA02000B000020DE4905F048FD09F0A6FA0A21089006F0DCFE0990089957
:40314000286806F0BDFF0800099906F0D3FE6871FFF7C6F900280ED0D04A53790133DBB25371092B02D90022CC4B5A71FFF78CFFFFF73EFF12E0FFF7A5F900280ED0C74B38
:403180005B79002B02D10A22C44B5A71C34A5379013B5371FFF778FFFFF72AFFFFF72EFF002806D1F530FF30FFF73AFF002800D1BEE1BD4D5B460093BC4BBD4A642128009C
:4031C00009F032FB280002F04DFC002C0FD1B64D0297079B0193069B0093B64BB64A6421280009F021FB280002F03CFC1EE0AE4D04970A21079806F063FF03910A2107980B
:4032000006F078FE02900A21069806F059FF01910A21069806F06EFE0090A64BA74A6421280009F001FB280002F01CFC00230B93524631000BA809F0E5FA002C0DD19A4D70
:4032400001970B9B00939E4B9E4A6421280009F0EBFA280002F006FC15E00B9E924D02970A21300006F02CFF01910A21300006F041FE0090924B944A6421280009F0D4FA92
:40328000280002F0EFFB002C0AD1874C8F4B904A6421200009F0C8FA200002F0E3FB09E0814C8A4B8B4A6421200009F0BDFA200002F0D8FB7A4B1B78032B1CD1844D7A4C88
:4032C000854B2A006421200009F0AEFA200002F0C9FB824B2A006421200009F0A5FA200002F0C0FB7E4B2A006421200009F09CFA200002F0B7FB6A4B1B78042B28D1744D9B
:40330000694C754B2A006421200009F08DFA200002F0A8FB714B2A006421200009F084FA200002F09FFB5D4B18686E4906F0C8FE0800FA21890006F0DDFD0090684B6A4A58
:403340006421200009F070FA200002F08BFB6BE0052B31D1544C604B5D4A6421200009F063FA200002F07EFB4C4E6049306806F0A7FE08005C4D5B4906F0BCFD0090574B0C
:403380002A006421200009F04FFA200002F06AFB3068544906F094FE0800FA21890006F0A9FD00904E4B2A006421200009F03CFA200002F057FB37E0062B35D14A4D3A4C8A
:4033C000364E4A49306806F095FD0090424B2A006421200009F028FA200002F043FB4349306806F06DFE08003E4906F083FD00903A4B2A006421200009F016FA200002F0B6
:4034000031FB3068374906F05BFE0800FA21890006F070FD0090324B2A006421200009F003FA200002F01EFB1C4DFA218900286806F046FE08002C4E1B4C642106F05AFD5B
:4034400000902B4B32006421200009F0EDF9200002F008FB6421286806F032FE08000A2106F048FD0090234B32006421200009F0DBF9200002F0F6FA0A21286806F020FE5F
:4034800000911D4B32006421200009F0CDF9200002F0E8FA2E7900243CE0C046BC010020BD00002000002440A00800204CD9000054D9000060D9000064D9000078D900009D
:4034C00090D9000094D90000A4D90000B8D90000BCD90000C8D90000D4D90000D8D90000DCD9000010270000E0D90000A0860100ECD90000F0D90000F4D900000F4D2300AE
:403500000F4A6421280009F08FF9280002F0AAFA0134E4B20B4B1B789C42EFD3074C3300094A6421200009F07FF9200002F09AFA0DB00CBC92469B46F0BDC046A0080020A4
:40354000F8D90000BD00002008DA0000014B18607047C046C401002070B51500074A1468844201DA106003E08C4201DD034A11601A000249280009F045F970BDC40100201A
:40358000F0B587B002900D00160003930CAB1F78FEF7A6FF002809D0314A136801331360B34200DB1560FFF723FD0FE0FEF78AFF00280BD02A4B1B68002B01D1284B1E60AD
:4035C000274A1368013B1360FFF712FDFFF716FD002805D1F530FF30FFF722FD00283DD01F4B1B680D9A9A4238DD1E4C029B00931D4B1E4A6421200009F016F9200002F0D8
:4036000031FA731E01930095194B1A4A6421200009F00AF9200002F025FA002305933A00039905A809F0EEF8059B0093124B134A6421200009F0F8F8200002F013FA084B01
:403640001B68DB000E9AD35800930D4B074A6421200009F0E9F8200002F004FA07B0F0BDC4010020A008002018DA000054D9000020DA000028DA000038DA0000E0D9000057
:4036800040DA00000022014B1A707047C8010020F0B585B00024A7E026005C4DA300595DED186B781B020B431A00A878000403001343E87800061843554906F061FF07F015
:4036C000F9F90700534D0A2106F0FAFC02910A21380006F00FFC019000944F4B4F4A6421280009F0A1F8280002F0BCF94C4B1A785B781B02134326D1494A231D9B009D5CF0
:40370000D3185A7812022A4311009878000402000A43D878000610433D4906F031FF07F0C9F905000A2106F0CBFC02910A21280006F0E0FB019000943A4B384A64213548F7
:4037400009F072F825E0314AA31D9B009D5CD3185A7812022A4311009878000402000A43D878000610432A4906F00AFF07F0A2F905000A2106F0A4FC02910A21280006F011
:40378000B9FB01900094274B244A6421214809F04BF8204802F066F9214B9A78DB781B02134312D07300204A9B5A002B0DD0194D0123019300961D4B1D4A6421280009F044
:4037C00033F8280002F04EF90CE0124D0C2301930096164B164A6421280009F025F8280002F040F90134E4B2052C00D854E704F027F902F079F9FFF7ABFB02F0BBF9084BA6
:40380000187802F053F905B0F0BDC046600A002000002041A008002048DA00004CDA0000040B002060DA00008802002050DC000064DA0000F0B557464E46C0B487B0844F86
:403840003023F95C0133FB5C1B020B431A003223F85C0004030013433322B85C000618437C4906F08DFE07F025F97B4E7B4D7C4C0A21059006F024FC02910A21059806F0E5
:4038800039FB019001239A46009333002A006421200008F0C9FF200002F0E4F83423F95C0133FB5C1B020B431A003623F85C0004030013433722B85C00061843654906F0C4
:4038C0005FFE07F0F7F80A21059006F0F9FB02910A21059806F00EFB019002239946009333002A006421200008F09EFF200002F0B9F83823F95C0133FB5C1B020B431A003F
:403900003A23F85C0004030013433B22B85C00061843504906F034FE07F0CCF807000A2106F0CEFB02910A21380006F0E3FA01900323009333002A006421200008F074FFBA
:40394000200002F08FF8474F39797B791B020B431A00B879000403001343F879000618433C4906F00DFE07F0A5F83F4E0A21059006F0A6FB02910A21059806F0BBFA0190F8
:403980000023009333002A006421200008F04CFF200002F067F8397A7B7A1B020B431A00B87A000403001343F87A00061843294906F0E6FD07F07EF80A21059006F080FB23
:4039C00002910A21059806F095FA01905346009333002A006421200008F026FF200002F041F8397B7B7B1B020B431A00B87B000403001343F87B00061843164906F0C0FD1B
:403A000007F058F80A21059006F05AFB02910A21059806F06FFA01904B46009333002A006421200008F000FF200002F01BF804F007F802F059F8FFF78BFA02F09BF83878C1
:403A400002F034F807B00CBC91469A46F0BDC046600A00200000204148DA00004CDA0000A0080020040B002060DA000070B584B04F4C217863781B020B431A00A0780004D2
:403A800003001343E078000618434A4906F078FD07F010F80600484D0A2106F011FB01910A21300006F026FA0090444B444A6421280008F0B9FE280001F0D4FF21796379C1
:403AC0001B020B431A00A079000403001343E0790006184306F0EEFF3A4E00903A4B32006421280008F0A0FE280001F0BBFF217A637A1B020B431A00A07A000403001343D5
:403B0000E07A0006184306F0D5FF00902F4B32006421280008F088FE280001F0A3FF217B637B1B020B431A00A07B000403001343E07B0006184306F0BDFF0090244B3200C8
:403B40006421280008F070FE280001F08BFF00242AE0204DA300595DED186B781B020B431A00A878000403001343E87800061843104906F005FD06F09DFF06000E4D0A2181
:403B800006F09EFA02910A21300006F0B3F9019001340094104B114A6421280008F044FE280001F05FFFE4B2052CD2D904B070BDBC0A002000002041A008002070DA0000CD
:403BC00074DA0000E0D9000084DA00008CDA000094DA00009C0A00209CDA00004CDA000010B5FEF77DFC002820D0394A13780133DBB21370022B02D90022354B1A70344BDA
:403C00001B78012B08D0002B02D0022B08D00AE0012002F053FA06E0022002F04FFA02E0052002F04BFA02F051FA23E0FEF74AFC00281FD0264B1B78002B02D10322244BF8
:403C40001A70234A1378013BDBB21370012B08D0002B02D0022B08D00AE0012002F02EFA06E0022002F02AFA02E0052002F026FA02F02CFA164B1B78012B0CD8FEF7F8FB10
:403C8000002808D0FEF7FAFB03F0DAFE43425841C0B203F0C9FE02F0FFF9002805D1F530FF3002F0E5F9002810D0094B1B78012B07D0002B02D0022B06D007E0FFF7E8FC46
:403CC00004E0FFF7B7FD01E0FFF7D0FE10BDC046C801002010B586B0194C217C637C1B020B431A00A07C000403001343E07C00061843144906F044FC06F060FA0590124C68
:403D0000217863781B020B431A00A078000403001343E078000618430A4906F031FC06F0C9FE0200012302930333019305AB0093064B00210648FFF7CFF906B010BDC0465A
:403D4000040B0020000020419C0A0020CCDB0000D4DB000010B586B0194C217D637D1B020B431A00A07D000403001343E07D00061843144906F004FC06F020FA0590124CA6
:403D8000217963791B020B431A00A079000403001343E079000618430A4906F0F1FB06F089FE0200012302930333019305AB0093064B00210648FFF78FF906B010BDC04697
:403DC000040B0020000020419C0A0020CCDB0000E0DB000010B586B0194C217E637E1B020B431A00A07E000403001343E07E00061843144906F0C4FB06F0E0F90590124C98
:403E0000217A637A1B020B431A00A07A000403001343E07A000618430A4906F0B1FB06F049FE0200012302930333019305AB0093064B00210648FFF74FF906B010BDC046D2
:403E4000040B0020000020419C0A0020CCDB0000ECDB000010B586B0194C217F637F1B020B431A00A07F000403001343E07F00061843144906F084FB06F0A0F90590124C87
:403E8000217B637B1B020B431A00A07B000403001343E07B000618430A4906F071FB06F009FE0200012302930333019305AB0093064B00210648FFF70FF906B010BDC0460E
:403EC000040B0020000020419C0A0020CCDB0000F8DB000010B586B01B4C2023E15C0133E35C1B020B431A002223E05C0004030013432322A05C00061843144906F040FB0A
:403F000006F05CF90590124C217C637C1B020B431A00A07C000403001343E07C000618430A4906F02DFB06F0C5FD0200012302930333019305AB0093064B00210648FFF765
:403F4000CBF806B010BDC046040B0020000020419C0A0020CCDB000004DC000010B586B01B4C2423E15C0133E35C1B020B431A002623E05C0004030013432722A05C00060D
:403F80001843144906F0FCFA06F018F90590124C217D637D1B020B431A00A07D000403001343E07D000618430A4906F0E9FA06F081FD0200012302930333019305AB0093C0
:403FC000064B00210648FFF787F806B010BDC046040B0020000020419C0A0020CCDB000010DC000010B50A4C217C637C1B020B431A00A07C000403001343E07C00061843C8
:40400000044906F0BDFA06F0D9F8FFF731F810BD040B00200000204110B50A4C217D637D1B020B431A00A07D000403001343E07D00061843044906F0A3FA06F0BFF8FFF76A
:4040400017F810BD040B00200000204110B50A4C217E637E1B020B431A00A07E000403001343E07E00061843044906F089FA06F0A5F8FEF7FDFF10BD040B002000002041D3
:4040800010B50A4C217F637F1B020B431A00A07F000403001343E07F00061843044906F06FFA06F08BF8FEF7E3FF10BD040B00200000204110B50C4C2023E15C0133E35C39
:4040C0001B020B431A002223E05C0004030013432322A05C00061843044906F051FA06F06DF8FEF7C5FF10BD040B00200000204110B50C4C2423E15C0133E35C1B020B433D
:404100001A002623E05C0004030013432722A05C00061843044906F033FA06F04FF8FEF7A7FF10BD040B00200000204110B582B000230193144C217863781B020B431A0031
:40414000A078000403001343E078000618430F4906F016FA06F0AEFC0100042301AA0020FEF772FF019806F00FFD084906F03EF8074B1874020A5A74020C9A74000ED87474
:4041800002F00EFF02B010BD9C0A002000002041040B002010B582B000230193144C217963791B020B431A00A079000403001343E079000618430F4906F0E2F906F07AFC5D
:4041C0000100042301AA0020FEF73EFF019806F0DBFC084906F00AF8074B1875020A5A75020C9A75000ED87502F0DAFE02B010BD9C0A002000002041040B002010B582B023
:4042000000230193144C217A637A1B020B431A00A07A000403001343E07A000618430F4906F0AEF906F046FC0100042301AA0020FEF70AFF019806F0A7FC084905F0D6FFCD
:40424000074B1876020A5A76020C9A76000ED87602F0A6FE02B010BD9C0A002000002041040B002010B582B000230193144C217B637B1B020B431A00A07B00040300134318
:40428000E07B000618430F4906F07AF906F012FC0100042301AA0020FEF7D6FE019806F073FC084905F0A2FF074B1877020A5A77020C9A77000ED87702F072FE02B010BDC1
:4042C0009C0A002000002041040B002010B582B000230193164C217C637C1B020B431A00A07C000403001343E07C00061843114906F046F906F0DEFB0100042301AA0020D0
:40430000FEF7A2FE019806F03FFC0A4905F06EFF094B20229854010A01329954010C01329954000E0132985402F03AFE02B010BD9C0A002000002041040B002010B582B06C
:4043400000230193164C217D637D1B020B431A00A07D000403001343E07D00061843114906F00EF906F0A6FB0100042301AA0020FEF76AFE019806F007FC0A4905F036FF9C
:40438000094B24229854010A01329954010C01329954000E0132985402F002FE02B010BD9C0A002000002041040B002000B585B0064B01AA03CB03C202230093044B022287
:4043C00000210448FFF7DCF805B000BDA0DA0000040B00201CDC000000B585B001AA074B083303CB03C202230093054B022200210448FFF7C5F805B000BDC046A0DA000080
:40440000060B00202CDC000010B5044A1378507800021843FFF79AF810BDC046040B002010B5044A9378D07800021843FFF78EF810BDC046040B002010B50223034A02215B
:404440000020FFF789F802F0ABFD10BD040B002010B50223034A02210020FFF77DF802F09FFD10BD060B0020F0B587B0494C217F637F1B020B431A00A07F000403001343AA
:40448000E07F00061843257A637A1B022B431A00A17A09040B001343E17A0906194306F06FF83D4905F0A2FE3C4F39797B791B020B431A00BE79360433001343FE793606F1
:4044C0001E43311C06F05CF839787B781B020B431A00BD782D042B001343FD782D061D43291C05F083FE071C217E637E1B020B431A00A07E000403001343E07E000618438F
:40450000217B637B1B020B431A00A17B09040B001343E17B0906194306F032F81E4905F065FE011C301C06F02BF8291C05F05EFE041C1B4D29796B791B020B431A00A87980
:40454000000403001343E87900061843154906F017F805F033FE05901249381C06F010F8051C1049201C06F00BF806F0A3FA0400281C06F09FFA01000123029303330193B4
:4045800005AB0093084B22000848FEF7A5FD07B0F0BDC0469C0A00200000C842BC0A0020040B002000002041CCDB00004CDD0000F0B5474680B486B0494B9846197F5B7F5C
:4045C0001B020B431A004346987F0004030013434246D07F00061843117C537C1B020B431A0043469E7C3604330013434246D67C36061E43311C05F0C3FF3A4905F0F6FDD4
:40460000394F397A7B7A1B020B431A00BD7A2D042B001343FD7A2D061D43291C05F0B0FF39787B781B020B431A00BC78240423001343FC7824061C43211C05F0D7FD071CC5
:404640004346187E5B7E1B0203431A004346997E09040B0013434246D17E09061943301C05F08EFF1F4905F0C1FD011C281C05F087FF211C05F0BAFD041C1C4D297A6B7AB6
:404680001B020B431A00A87A000403001343E87A00061843164905F073FF05F08FFD05901349381C05F06CFF051C1149201C05F067FF06F0FFF90400281C06F0FBF9010014
:4046C000012302930333019305AB0093094B22000948FEF701FD06B004BC9046F0BDC0469C0A00200000C842BC0A0020040B002000002041CCDB000058DD0000F0B54746E7
:4047000080B486B0494B9846197F5B7F1B020B431A004346987F0004030013434246D07F00061843117D537D1B020B431A0043469E7D3604330013434246D67D36061E43AF
:40474000311C05F01DFF3A4905F050FD394F397B7B7B1B020B431A00BD7B2D042B001343FD7B2D061D43291C05F00AFF39787B781B020B431A00BC78240423001343FC78B5
:4047800024061C43211C05F031FD071C4346187E5B7E1B0203431A004346997E09040B0013434246D17E09061943301C05F0E8FE1F4905F01BFD011C281C05F0E1FE211C1A
:4047C00005F014FD041C1C4D297B6B7B1B020B431A00A87B000403001343E87B00061843164905F0CDFE05F0E9FC05901349381C05F0C6FE051C1149201C05F0C1FE06F07F
:4048000059F90400281C06F055F90100012302930333019305AB0093094B22000948FEF75BFC06B004BC9046F0BDC0469C0A00200000C842BC0A0020040B0020000020417B
:40484000CCDB000064DD000010B50A4C217963791B020B431A00A079000403001343E07900061843044905F08BFE05F0A7FCFEF7FFFB10BD040B00200000204110B50A4C40
:40488000217A637A1B020B431A00A07A000403001343E07A00061843044905F071FE05F08DFCFEF7E5FB10BD040B00200000204110B50A4C217B637B1B020B431A00A07B33
:4048C000000403001343E07B00061843044905F057FE05F073FCFEF7CBFB10BD040B002000002041F0B583B0474C217F637F1B020B431A00A07F000403001343E07F000639
:404900001843257A637A1B022B431A00A17A09040B001343E17A0906194305F031FE3B4905F064FC3A4F39797B791B020B431A00BE79360433001343FE7936061E43311CA0
:4049400005F01EFE39787B781B020B431A00BD782D042B001343FD782D061D43291C05F045FC071C217E637E1B020B431A00A07E000403001343E07E00061843217B637BB7
:404980001B020B431A00A17B09040B001343E17B0906194305F0F4FD1C4905F027FC011C301C05F0EDFD291C05F020FC00230193184905F0E5FD06F07DF80100042301AAF3
:4049C0000020FEF741FB019800280BD006F0DCF8011C381C05F0DEFB002803D0381C05F0EDFB0190019806F0CFF80A4905F0FEFB094B1871020A5A71020C9A71000ED87149
:404A000002F0CEFA03B0F0BD9C0A00200000C842BC0A002000002041040B0020F0B5474680B482B0474B9846197F5B7F1B020B431A004346987F0004030013434246D07F43
:404A400000061843117C537C1B020B431A0043469E7C3604330013434246D67C36061E43311C05F08DFD384905F0C0FB374F397A7B7A1B020B431A00BD7A2D042B0013437E
:404A8000FD7A2D061D43291C05F07AFD39787B781B020B431A00BC78240423001343FC7824061C43211C05F0A1FB071C4346187E5B7E1B0203431A004346997E09040B0022
:404AC00013434246D17E09061943301C05F058FD1D4905F08BFB011C281C05F051FD211C05F084FB00230193194905F049FD05F0E1FF0100042301AA0020FEF7A5FA019809
:404B000000280BD006F040F8011C381C05F042FB002803D0381C05F051FB0190019806F033F80B4905F062FB0A4B1872020A5A72020C9A72000ED87202F032FA02B004BC67
:404B40009046F0BD9C0A00200000C842BC0A002000002041040B0020F0B5474680B482B0474B9846197F5B7F1B020B431A004346987F0004030013434246D07F0006184338
:404B8000117D537D1B020B431A0043469E7D3604330013434246D67D36061E43311C05F0EFFC384905F022FB374F397B7B7B1B020B431A00BD7B2D042B001343FD7B2D0629
:404BC0001D43291C05F0DCFC39787B781B020B431A00BC78240423001343FC7824061C43211C05F003FB071C4346187E5B7E1B0203431A004346997E09040B0013434246EA
:404C0000D17E09061943301C05F0BAFC1D4905F0EDFA011C281C05F0B3FC211C05F0E6FA00230193194905F0ABFC05F043FF0100042301AA0020FEF707FA019800280BD0F9
:404C400005F0A2FF011C381C05F0A4FA002803D0381C05F0B3FA0190019805F095FF0B4905F0C4FA0A4B1873020A5A73020C9A73000ED87302F094F902B004BC9046F0BD4E
:404C80009C0A00200000C842BC0A002000002041040B002010B586B0104C217863781B020B431A00A078000403001343E078000618430B4905F064FC05F080FA059001235F
:404CC00002930333019305AB0093064B064A01210648FEF701FA06B010BDC046BC0A002000002041CCDB00009686010020DF000010B586B00E4C217963791B020B431A002E
:404D0000A079000403001343E0790006184305F055FA0590002302930433019305AB0093044B054A64210548FEF7D6F906B010BDBC0A00202CDF00003F420F0030DF00005D
:404D400010B586B00E4C217A637A1B020B431A00A07A000403001343E07A0006184305F02DFA0590002302930433019305AB0093044B054A64210548FEF7AEF906B010BDA9
:404D8000BC0A00202CDF00003F420F0034DF000010B586B00E4C217B637B1B020B431A00A07B000403001343E07B0006184305F005FA0590002302930433019305AB009388
:404DC000044B054A64210548FEF786F906B010BDBC0A00202CDF00003F420F0038DF000010B586B0104C217863781B020B431A00A078000403001343E078000618430B49E2
:404E000005F0BEFB05F0DAF90590012302930333019305AB0093064B064A01210648FEF75BF906B010BDC0469C0A002000002041CCDB0000062700003CDF000010B586B0AD
:404E4000104C217963791B020B431A00A079000403001343E079000618430B4905F090FB05F0ACF90590012302930333019305AB0093064B064A01210648FEF72DF906B000
:404E800010BDC0469C0A002000002041CCDB00000627000048DF000010B586B0104C217A637A1B020B431A00A07A000403001343E07A000618430B4905F062FB05F07EF965
:404EC0000590012302930333019305AB0093064B064A01210648FEF7FFF806B010BDC0469C0A002000002041CCDB00000627000054DF000010B586B0104C217B637B1B02B5
:404F00000B431A00A07B000403001343E07B000618430B4905F034FB05F050F90590012302930333019305AB0093064B064A01210648FEF7D1F806B010BDC0469C0A0020A6
:404F400000002041CCDB00000627000060DF000010B586B0104C217C637C1B020B431A00A07C000403001343E07C000618430B4905F006FB05F022F9059001230293033351
:404F8000019305AB0093064B064A01210648FEF7A3F806B010BDC0469C0A002000002041CCDB0000062700006CDF000010B586B0104C217D637D1B020B431A00A07D00042F
:404FC00003001343E07D000618430B4905F0D8FA05F0F4F80590012302930333019305AB0093064B064A01210648FEF775F806B010BDC0469C0A002000002041CCDB000079
:405000000627000078DF000010B586B0104C217F637F1B020B431A00A07F000403001343E07F000618430B4905F0AAFA05F0C6F80590012302930333019305AB0093064B06
:40504000642201210548FEF747F806B010BDC0469C0A00200000204184DF000088DF000010B586B0114C217E637E1B020B431A00A07E000403001343E07E000618430C49A1
:4050800005F07EFA05F09AF80590012302930333019305AB0093074BFA229200C82189000548FEF719F806B010BDC0469C0A00200000204184DF000090DF000010B50A4C3F
:4050C000217863781B020B431A00A078000403001343E07800061843044905F051FA05F06DF8FDF7C5FF10BDBC0A00200000204110B5094C217963791B020B431A00A079A8
:40510000000403001343E0790006184305F056F8FDF7AEFF10BDC046BC0A002010B5094C217A637A1B020B431A00A07A000403001343E07A0006184305F040F8FDF798FFBA
:4051400010BDC046BC0A002010B5094C217B637B1B020B431A00A07B000403001343E07B0006184305F02AF8FDF782FF10BDC046BC0A002010B50A4C217863781B020B43EA
:405180001A00A078000403001343E07800061843044905F0F5F905F011F8FDF769FF10BD9C0A00200000204110B50A4C217963791B020B431A00A079000403001343E07944
:4051C00000061843044905F0DBF904F0F7FFFDF74FFF10BD9C0A00200000204110B50A4C217A637A1B020B431A00A07A000403001343E07A00061843044905F0C1F904F0DE
:40520000DDFFFDF735FF10BD9C0A00200000204110B50A4C217B637B1B020B431A00A07B000403001343E07B00061843044905F0A7F904F0C3FFFDF71BFF10BD9C0A0020EF
:405240000000204110B50A4C217C637C1B020B431A00A07C000403001343E07C00061843044905F08DF904F0A9FFFDF701FF10BD9C0A00200000204110B50A4C217D637D96
:405280001B020B431A00A07D000403001343E07D00061843044905F073F904F08FFFFDF7E7FE10BD9C0A00200000204110B50A4C217F637F1B020B431A00A07F00040300EC
:4052C0001343E07F00061843044905F059F904F075FFFDF7CDFE10BD9C0A00200000204110B50A4C217E637E1B020B431A00A07E000403001343E07E00061843044905F04D
:405300003FF904F05BFFFDF7B3FE10BD9C0A00200000204100B583B000230193043301AA0A490120FDF790FE019805F02DFC084904F05CFF074B1870020A5A70020C9A70B8
:40534000000ED87001F06CFE03B000BD9686010000002041BC0A002000B583B000230193043301AA09496420FDF76EFE019805F00BFC074B1871020A5A71020C9A71000E83
:40538000D87101F04DFE03B000BDC0463F420F00BC0A002000B583B000230193043301AA09496420FDF750FE019805F0EDFB074B1872020A5A72020C9A72000ED87201F056
:4053C0002FFE03B000BDC0463F420F00BC0A002000B583B000230193043301AA09496420FDF732FE019805F0CFFB074B1873020A5A73020C9A73000ED87301F011FE03B0E4
:4054000000BDC0463F420F00BC0A002000B583B000230193043301AA0A490120FDF714FE019805F0B1FB084904F0E0FE074B1870020A5A70020C9A70000ED87001F096F83E
:4054400003B000BD06270000000020419C0A002000B583B000230193043301AA0A490120FDF7F2FD019805F08FFB084904F0BEFE074B1871020A5A71020C9A71000ED87155
:4054800001F074F803B000BD06270000000020419C0A002000B583B000230193043301AA0A490120FDF7D0FD019805F06DFB084904F09CFE074B1872020A5A72020C9A7272
:4054C000000ED87201F052F803B000BD06270000000020419C0A002000B583B000230193043301AA0A490120FDF7AEFD019805F04BFB084904F07AFE074B1873020A5A737A
:40550000020C9A73000ED87301F030F803B000BD06270000000020419C0A002000B583B000230193043301AA0A490120FDF78CFD019805F029FB084904F058FE074B18747D
:40554000020A5A74020C9A74000ED87401F00EF803B000BD06270000000020419C0A002000B583B000230193043301AA0A490120FDF76AFD019805F007FB084904F036FEC7
:40558000074B1875020A5A75020C9A75000ED87500F0ECFF03B000BD06270000000020419C0A002000B583B000230193043301AA64210120FDF748FD019805F0E5FA0749FD
:4055C00004F014FE064B1877020A5A77020C9A77000ED87700F0CAFF03B000BD000020419C0A002000B583B000230193043301AAFA218900C8208000FDF726FD019805F0EA
:40560000C3FA074904F0F2FD064B1876020A5A76020C9A76000ED87600F0A8FF03B000BD000020419C0A0020F0B54F4680B484B0FDF7E4FC002805D1F530FF30FDF7F0FC6F
:4056400000285CD0304B1B789B00304A9A58D6B22F495F58012E02D9023EF6B200E00026FF23134099463B691A1F914505D9052B02D9053BDEB200E0002600243DE0039474
:4056800035193B699D4213D3224D2300224A6421280007F0C9F8280000F0E4F923001F4A6421280007F0C0F8280000F0DBF922E02300194A6421174807F0B6F8154800F0A9
:4056C000D1F9EB005B1B9A00BB5800932300144A6421104807F0A8F80E4800F0C3F9A94509D10C4D039B0F4A6421280007F09CF8280000F0B7F90134E4B2042CBFD904B0E9
:4057000004BC9146F0BDC046CC0100200C0800201C080020A008002060E000006CE000007CE000008CE00000044A0023137004490B6004480449086053707047CC0100208A
:405740000C080020A4DC00001C08002010B5FCF79DFA014B586010BDCC01002010B50B4B5B78002B0FD0FCF791FA084B5B68C01A074B984209DD0022044B5A700121054802
:4057800000F00AFB01E0FFF7E1FF10BDCC010020DF930400E13B00000020704730B583B0494B1A7893004949595849481C58CB005B1A980024182379052B00D982E09B004B
:4057C0004448C3589F46002A08D0013AD2B23E4B1A70920000213D4BD15073E0002971D1394C00236370FFF7D7FF2072617A3A4800F0D2FAFDF746FF64E0531C032B61DCE6
:40580000DAB2314B1A70314892000121115023692F4C135110181B6900910022033100F05FFA4FE0284B9B7A002B0DD1A068002805D0217E00F0B0FA0122234B9A72E3681B
:40584000002B3FD098473DE01F4D0023AB72217E224800F0A1FA2B789B001C4818181C4A9B581B69012200920022042100F038FA28E0154B9B7A002B0FD1E368002B00D017
:405880009847A06800281DD00F4D03236B70217E00F082FA0123AB7214E00B4C012565700023A37203210D4800F076FA23789B0006481818064A9B581B6900950022042195
:4058C00000F00EFA03B030BDCC0100200C0800201C08002048E00000E13B00002956000030B583B0FFF73AFF554B5B78002B4DD100F04CFA002803D10121524800F04CFAC1
:40590000FCF770FE002800D197E0FDF771FB4C4C0123637000F03AFA607200F037FA012803D000F033FA022813D1474B1A785B781B02134306D1424B1B789B004349444A53
:40594000995010E03E4B1B789B004249404A995009E000F01BFA052805D1394B1B789B003D493B4A995003213C4800F015FA344B1B789B003A481818354A9B581B690122E3
:4059800000920022042100F0ABF956E0012B1FD100F052F9002801D0FDF72AFB284B1B789B002F4818182A4A9B581B69013B012200920022042100F069F900F039F90028D4
:4059C0003BD0FDF715FBFFF7C1FEFFF7E7FE34E0032B32D11A4A13789B0021495C581C495D58937A002B12D100F022F900280ED0FDF7FEFAE3001C1BA300ED186B69002B28
:405A000000D09847FFF7A2FEFFF7C8FE15E00C4B9B7A012B11D1FCF7E5FD00280DD0FDF7E7FAE3001C1BA300ED186B69002B00D09847FFF78BFEFFF7B1FE03B030BDC0460D
:405A4000CC010020E13B0000040B0020B0DA00001C080020A4DC0000B4DD0000295600000C08002010B5040006F032FF0100200001F0BCFDFF2001F07FFDFF2001F07CFD8C
:405A8000FF2001F079FD10BD10B50300044C054A0549200006F0FAFE2000FFF7E3FF10BD2C080020A4E00000ACE0000010B582B0002801D1074B00E0074B084C0093084BF8
:405AC000084A6421200006F0AFFE2000FFF7CAFF02B010BD98DC00009CDC00002C080020D4E0000054D9000030B583B0002819D01A4D1B4C1B4B00932B001B4A6421200068
:405B000006F092FE2000FFF7ADFF8023DB0000932B00164A6421200006F086FE2000FFF7A1FF18E00D4D0E4C114B00932B000E4A6421200006F078FE2000FFF793FFF823BA
:405B40001B0200932B00094A6421200006F06CFE2000FFF787FF03B030BDC046D8E000002C080020E0E0000054D90000E4E00000F0E0000030B583B0002819D0244D254C18
:405B8000254B00932B00254A6421200006F04CFE2000FFF767FF8023DB0000932B00204A6421200006F040FE2000FFF75BFF2CE01C4A13780133DBB21370012B06D9130099
:405BC00000221A705A7851424A415A70114C164B00930F4B114A6421200006F025FE2000FFF740FF0F4B5B78002B02D0F8231B0200E00E4B074C0093054B094A642120005D
:405C000006F012FE2000FFF72DFF03B030BDC046F4E000002C080020F8E0000054D90000E4E00000DC01002004E100003084000010B5FCF7CDFC10BD10B5FCF751FC002874
:405C400009D00F4B1B680F4A934212DC01330C4A1360012012E0FCF735FC00280BD0084B1B68094A934208DB013B054A1360012004E0012002E0002000E0012010BDC04640
:405C8000E0010020FFE10400011EFBFFF0B585B00700019116001D000A9C104B1B686343AB4205DD2100100004F024F90B4B18600A4B1B6863439E4205DD2100280004F0BA
:405CC00019F9064B1860054B1B685C430394019A03A9380006F096FD05B0F0BDE001002030B583B015001C00002301930A00010001A806F087FD019BA34201DD0023019311
:405D0000019BAB4200DA01940699019804F0F2F8014B186003B030BDE001002010B5154B04221A601A68D8239B001A4203D01A00104B1A601DE001F017FC002819D001F0F2
:405D4000DDFCC4B20C4B1B78002B12D101220B4B1A70FBF79BFF0A4B18600A4A13880A49CC5401339BB21380C72B02D90122024B1A7010BDC00F2540040900209C08002051
:405D8000980800209608002008090020014B18787047C046E401002070B505000C0006290AD8064B1B78994206D00800FFF76CFE034B1D60014B1C7070BDC046E401002077
:405DC000C000002010B501F0B3FB034801F0C0FB0122024B1A7010BD1D5D0000E401002010B596239B01984208D0E1235B02984209D10021332001F0FBFE04E000219C2022
:405E0000800001F0F5FE10BD10B50400FBF73EFF054B5B68C31A64206043834201DB012000E0002010BDC046E401002010B5044C237A01332372FBF729FF606010BDC04660
:405E4000E401002010B5034C2072FBF71FFF606010BDC046E40100200022024B1A80024B1A707047960800209C08002010B50400FFF7F2FF2000FFF7F5FDFFF7D7FF10BD65
:405E8000F0B583B001928BB2144C2588AB421CD9002020E0124CE45C844214D1EC1A8C4218D35C18671E0E4EF25DA71EF75D033C345DFF2C07D1FF2F05D1FF2A03D1019AF7
:405EC0001360012007E0013300E00023AB42E1D3002000E0002003B0F0BDC0469608002008090020F0B58BB2124A1488A34218D900201EE0104AD25C824210D1E21A8A4217
:405F000014D35A18561E0C4DAF5D961EAE5D033AAA5CFF2A03D1FF2E01D1FF2F08D0013300E00023A342E5D3002002E0002000E00120F0BD960800200809002010B5484B40
:405F40001B7A0D2B78D89B00464AD3589F46FFF783FF96208001FFF743FFFFF767FF00207CE00220FFF750FF00286AD0FFF75EFF002073E03C48FFF779FF00206EE00821F2
:405F80007120FFF7AFFF00285DD10A30FFF73CFF00285AD0FFF74AFF00205FE0E1204002FFF71EFFFFF742FF002057E00220FFF72BFF00284BD0FFF739FF00204EE02A48A4
:405FC000FFF754FF002049E008217120FFF78AFF002804D00C20FFF735FF00203EE00A20FFF712FF002834D0FFF720FF002035E01D48FFF73BFF002030E008217120FFF72A
:4060000071FF002803D0FFF711FF002026E00A20FFF7FAFE00281ED0012040421EE01348FFF724FF002019E00520FFF7EDFE002813D00120404211E00133094A137200209C
:406040000CE000200AE0022008E0002006E0002004E0002002E0002000E0002010BDC046E401002020E1000058E1000060E1000010B50400FBF70AFE064B1B68C01AA0424E
:4060800005DBFBF703FE034B1860012000E0002010BDC046D009002010B5064B987A002806D000229A72FBF7F1FD034B1860012010BDC046E4010020D009002010B5024B5C
:4060C0001870FFF7E1FC10BDE40100200122014B9A727047E401002000B583B0244B1B7A012B08D0002B02D0022B2CD031E02148FFF7BCFE2FE00023019301AA08217120D1
:40610000FFF7BEFE002816D0FFF790FE019B0133194AD35C164A1078834202D0D37A0133D372134BDB7A012B15D9FFF7ADFC00220F4BDA720FE00A20FFF766FE00280AD0CB
:406140000220404212E00520FFF75EFE002802D008E0FFF76BFE094B1B68002B05D09847002003E00120404200E0002003B000BDE401002058E1000008090020C0000020B6
:4061800010B5124B5B7A002B02D0012B03D005E0FFF7D4FE03E0FFF79FFF00E00020002808DD0A4A537A1B18013B537200231372074A1360002808DA044B5A7A1018013074
:4061C000587200221A72024B1A6010BDE4010020D409002070B50500154B00229B5E834225D0134B188082B2012300210020FBF7EBFF1048017843781B020B431A008478BA
:40620000240423001343C47824061C43280004F073FC211C04F0B4F9074903F0E7FF074B1876020A5A76020C9A76000ED87670BDC40000209C0A002000409C45600A0020AE
:4062400070B50500154B02229B5E834225D0134B588082B2012301210020FBF7B5FF1048017943791B020B431A008479240423001343C47924061C43280004F03DFC211C3E
:4062800004F07EF9074903F0B1FF074B1877020A5A77020C9A77000ED87770BDC40000209C0A002000409C45600A002070B50500174B04229B5E834229D0154B988082B2AF
:4062C000012300210120FBF77FFF1248017A437A1B020B431A00847A240423001343C47A24061C43280004F007FC211C04F048F9094903F07BFF094B20229854010A01323B
:406300009954010C01329954000E0132985470BDC40000209C0A002000409C45600A002070B50500174B06229B5E834229D0154BD88082B2012301210120FBF745FF124846
:40634000017B437B1B020B431A00847B240423001343C47B24061C43280004F0CDFB211C04F00EF9094903F041FF094B24229854010A01329954010C01329954000E013236
:40638000985470BDC40000209C0A002000409C45600A002070B50500174B08229B5E834229D0154B188182B2012300210220FBF70BFF1248017C437C1B020B431A00847C57
:4063C000240423001343C47C24061C43280004F093FB211C04F0D4F8094903F007FF094B28229854010A01329954010C01329954000E0132985470BDC40000209C0A00205B
:4064000000409C45600A002070B50500174B0A229B5E834229D0154B588182B2012301210220FBF7D1FE1248017D437D1B020B431A00847D240423001343C47D24061C4323
:40644000280004F059FB211C04F09AF8094903F0CDFE094B2C229854010A01329954010C01329954000E0132985470BDC40000209C0A002000409C45600A002010B520223D
:4064800037490020FBF758FF00282FD1344B00211970597020202031997041214124DC7000241C715C719871D97100241C725C729872D97200241C735C739873D973002489
:4064C0001C745C749874D97400221A755A759875D97500221A775A779A774032DA7700221A765A76C4329A76823ADA7620221C491C48FCF799F830221B4996204000FBF7EF
:406500001BFF002815D017E01749D30000205854CB1800215970783999708B31D9702B3919711B31597100219971D9710132D2B200E00022052AE7D90020FFF74BFE002012
:40654000FFF77EFE0020FFF7B1FE0020FFF7E8FE0020FFF71FFF0020FFF756FF10BDC0469C0A0020400A0020E009002010B520220A490B48FCF762F800280DD0074C2022A9
:4065800021000020FBF7B6FE202221000448FCF74BF800F005FD012010BDC0469C0A0020400A002010B5302210491148FCF746F8002819D00D4C3022210096204000FBF73A
:4065C00099FE302221000A48FCF72EF8094B012252421A805A809A80DA801A815A8100F0D9FC00F0DDFC012010BDC046E0090020100A0020C400002010B5FFF73FFF1022E9
:4066000023496420FBF798FE002818D1204B00211970597020202031997041214124DC7000241C715C719871D97100241C725C729872D97200221A735A739873D97310229B
:4066400013491448FBF7F0FF134B01221A7000225A700021197159719971D9710021197259729972D97200221A735A739A73DA730BE00949131D9B0000205854CB18002146
:4066800059709970D9700132D2B2052AF1D910BDBC0A0020CC0A0020040B002010B5141C03F06EFF211C03F0A1FD10BDF0B583B0041C01921E1C089F181C03F061FF2549E6
:4066C00003F094FD051C0199301C03F059FF214903F08CFD0190211C281C03F05BFD00280CD03D702B0A7B702B0CBB702D0EFD7000233B727B72BB72FB7212E0211C019887
:4067000003F034FD002808D000233B727B720133BB720023FB72019C03E001233B7200237B720D49201C03F02BFF311C03F05EFD04F0C0F93871030A7B71030CBB71000E44
:40674000F8713C70230A7B70230CBB70240EFC7003B0F0BD0000C84200409C45F0B54F464646C0B495B0E548047842781202224383781B0413431A00C3781B061343057E4F
:40678000417E09022943827E12040A431100C27E12060A43067F447F24023443817F090421430C00C17F09062143D54C277C657C2D023D43A07C000428430500E07C00062F
:4067C000284311AD0095FFF771FF217C637C1B020B431A00A07C000403001343E07C00061843002103F0BCFC002801D000231293C248047942791202224383791B04134385
:406800001A00C3791B061343057E417E09022943827E12040A431100C27E12060A43067F447F24023443817F090421430C00C17F09062143B24C277D657D2D023D43A07D54
:40684000000428430500E07D000628430EAD0095FFF72CFF217D637D1B020B431A00A07D000403001343E07D00061843002103F077FC002801D000230F93A048047A427AC3
:4068800012022243837A1B0413431A00C37A1B061343057E417E09022943827E12040A431100C27E12060A43067F447F24023443817F090421430C00C17F09062143904C5C
:4068C000277E657E2D023D43A07E000428430500E07E000628430BAD0095FFF7E7FE217E637E1B020B431A00A07E000403001343E07E00061843002103F032FC002801D05E
:4069000000230C937D48047B427B12022243837B1B0413431A00C37B1B061343057E417E09022943827E12040A431100C27E12060A43067F447F24023443817F09042143B1
:406940000C00C17F090621436D4C277F657F2D023D43A07F000428430500E07F0006284308AD0095FFF7A2FE217F637F1B020B431A00A07F000403001343E07F00061843E0
:40698000002103F0EDFB002801D0002309935B48047C427C12022243837C1B0413431A00C37C1B061343057E417E09022943827E12040A431100C27E12060A43067F447F6B
:4069C00024023443817F090421430C00C17F090621434B4C20208146275C01308046255C2D023D432227E05D0004284305002326A05D0006284305AD0095FFF757FE4B46AE
:406A0000E15C4346E35C1B020B431A00E05D000403001343A05D00061843002103F0A0FB002801D0002306933448047D427D12022243837D1B0413431A00C37D1B061343F5
:406A4000057E417E09022943827E12040A431100C27E12060A43067F447F24023443817F090421430C00C17F09062143244C24208146275C01308046255C2D023D432627BD
:406A8000E05D0004284305002726A05D0006284302AD0095FFF70AFE4B46E15C4346E35C1B020B431A00E05D000403001343A05D00061843002103F053FB002801D0002397
:406AC0000393129B18B2FFF785FB0F9B18B2FFF7B7FB0C9B18B2FFF7E9FB099B18B2FFF71FFC069B18B2FFF755FC039B18B2FFF78BFC15B00CBC90469946F0BD9C0A0020E1
:406B0000040B0020F0B595B07B4C2078627812020243A3781B0413431A00E3781B061343257E617E09022943A27E12040A431100E27E12060A43267F607F00023043A17FC3
:406B4000090401430800E17F090601436B4D28786E7836020643A878000430430600E8780006304311AE0096FFF7A0FD644E317973791B020B431A00B07900040300134399
:406B8000F079000618432F786B781B023B431A00A97809040B001343E978090619432A796B791B0213431F00AA79120413003B43EA7912061A43FFF771FD277A627A1202C1
:406BC0003A43A37A1B0413431A00E37A1B061343227E617E09021143A27E12040A431100E27E12060A43217F677F3F020F43A17F09040F43E17F090639430EAF0097FFF794
:406C000055FD317973791B020B431A00B079000403001343F079000618432E786B781B0233431A00A97809040B001343E978090619432A796B791B0213431E00AA791204B5
:406C400013003343EA7912061A43FFF727FD257B627B12022A43A37B1B0413431A00E37B1B061343267E617E09023143A27E12040A431100E27E12060A43217F657F2D020B
:406C80000D43A17F090429430D00E17F090629430BAC0094FFF70AFD3B89002B08D00BAA1289002A04D000230C9300230B932DE0002B08D00BAA1289002A04D100230C9302
:406CC00000230B9322E0002B08D10BAB1B89002B04D000230F9300230E9317E00EAB5B89012B0FD10BAB5B89012B0BD100230F9300230E930AE0C0469C0A0020BC0A002084
:406D0000040B002000230C9300230B939E4C217963791B020B431A00A079000403001343E07900061843002103F01AFA002805D000220F9200230E930C920B93924D297A22
:406D40006B7A1B020B431A00A87A000403001343E87A000618438D4B1E785A78120232431400997809040A002243D978090611431F7A5C7A24023C439A7A12042243140092
:406D8000DA7A12062243FFF789FC814C267C627C12023243A37C1B0413431A00E37C1B061343277E617E09023943A27E12040A431100E27E12060A43217F667F36020E43BB
:406DC000A17F090431430E00E17F0906314308AC0094FFF76BFC297A6B7A1B020B431A00A87A000403001343E87A00061843002103F0B6F9002803D00023099300230893D2
:406E0000614D297B6B7B1B020B431A00A87B000403001343E87B000618435C4B1E785A78120232431400997809040A002243D978090611431F7B5C7B24023C439A7B120423
:406E400022431400DA7B12062243FFF727FC504C267D627D12023243A37D1B0413431A00E37D1B061343277E617E09023943A27E12040A431100E27E12060A43217F667F98
:406E800036020E43A17F090431430E00E17F0906314305AC0094FFF709FC297B6B7B1B020B431A00A87B000403001343E87B00061843002103F054F9002803D0002306930C
:406EC00000230593314C217863781B020B431A00A078000403001343E078000618430E9903F062FC0B9903F05FFC089903F05CFC059903F059FC051C002103F037F90028EA
:406F000000D000252248047942791202224383791B0413431A00C3791B061343067E417E09023143827E12040A431100C27E12060A43077F447F24023C43817F09042143C9
:406F40000C00C17F0906214302AC0094281CFFF7ADFB129B18B2FFF73DF90423E05EFFF76FF90F9B18B2FFF7A1F90C9B18B2FFF7D7F9099B18B2FFF70DFA069B18B2FFF7C1
:406F800043FA15B0F0BDC046040B0020BC0A00209C0A00200122014B1A707047F001002010B528221B491C48FBF748FB002803D11A4B1B78002B2BD00022184B1A70164CE9
:406FC000283221001348FBF72FFBA278E3781B0213430BD0104B1A785B781B02134302D1FFF7BCFB14E0FFF78DFD11E00020FFF7F1F80020FFF724F90020FFF757F900200C
:40700000FFF78EF90020FFF7C5F90020FFF7FCF910BDC046DC0A0020040B0020F001002010B510220A490B48FBF708FB00280DD0084C102221006420FBF75CF9102221007F
:407040000348FBF7F1FAFFF7ABFF012010BDC046CC0A0020BC0A00200322074B1A6080221206064B1A603F23054A1360054A13602022054B1A6070473000304000003A403F
:4070800000033A4040033A40000E3F4010B505F08DFB03680C2B00D1FEE7FEE710B50300084A1068C318084A9A1A802A02DC054A136005E005F07AFB0C2303600120404249
:4070C00010BDC046D0000020780E002070B50F4E0F4D13E029686B68AC68002202E001C901C30432A242FAD1E868002202E0002102C304328242FAD11035013E002EE9D1FC
:4071000005F05AFBFAF798FDFEE7C046010000003CE3000010B500230AE0032B03D89A000B49505800E00B4899000B4A885001332B2BF2D9FAF7E2FC084B1B68002B02D112
:407140000022064B1A6080229205054B1A6010BD001A00008D70000000000020B000002008ED00E010B5072000F0F8FE10BDC04610B500F0EBF810BD10B500F079F810BD79
:4071800010B5054A1368802109060B431360FFF7E9FFFFF7EDFF10BD0000244010B5064B1B78002B04D1FFF7E7FF0122024B1A70FFF7E6FF10BDC046F4010020014B586098
:4071C0007047C046F4010020014B18687047C04640032440024B1B681F2018407047C04608032440154B1A68154B1B689A4208D1144B1B681F221340082B02D0124B186030
:407200001BE00E4B1A68013280235B009A4200D100220B4B1B689A42FBD002230B490B60C0B20B49885405490A600A4A1268134203D1084A11680B4313607047300C002024
:407240002C0B00200802244040022440800F2440300B0020880F244070B506000D00002403E0305DFFF7BEFF0134AC42F9D370BD70B51E4A1E4B1A6000241E4B1C601E4ADE
:407280001E4B1A601E4A1F4B1A6007221E4B1A601E4B1C601A321E4B1A601E4A1E4B1A601E4B1C6004251E4B1D60072000F060FE0321072000F07AFE1A49072000F064FE3C
:4072C000194B1C60194B1C60194B1C60194B1C60194B1D60194B802292001A601A68184B1A80184B1C60184B1C6070BD09000002000024404000244021000A0048002440C7
:40730000070200800003244004032440100324404400244007000080000224400402244050002440B98A0000880E2440C80E2440480F2440080F2440C80F2440880F2440E5
:40734000FC010020300C00202C0B002005490B68F0229343603A13430B60034B1A88034B1A60704700040240FC010020880F244010B5FFF72FFF002802D0FFF725FF00E08F
:407380000020054B1A68D8239B001A4203D01A00014B1A60002010BDC00F24408423014AD05070470000002010B5040001F07DFB044A1168044B0B40A4031C43146001F02F
:4073C00078FB10BD10E400E0FF3FFFFF80229202014B1A607047C04600E100E080229202014B1A607047C04680E100E010B50400FFF7F4FF2000FFF7D1FF0320FFF7D4FF45
:40740000FFF7E4FF10BDC0460004000C014B18607047C046080120400004000C014B18607047C0461401204070B504000D0001F03CFBAC40024B1C6001F03BFB70BDC04633
:407440000800204010B501F030FB064A116801230B43136001F02DFB18210120FFF7E4FF10BDC04600002040014B18607047C0463801204010B580229204074B1A600C2285
:40748000064B1A600120FFF7EFFF0548FFF7C4FF0020FFF7B9FF10BD0001204024012040E703000010B5064B1B78002B04D1FFF7E1FF0122024B1A70FFF7C4FF10BDC04686
:4074C000FE010020014B18607047C04630012040044A1368DBB201218B430840184310607047C04600010440024B1B68012018407047C0460401044010B5082000F02EFDA9
:4075000010BDC04610B500F0E7F810BD10B500F079F810BD10B5054A1368802109060B431360FFF7E9FFFFF7EDFF10BD0000254010B5064B1B78002B04D1FFF7E7FF01228A
:40754000024B1A70FFF7E6FF10BDC04600020020014B58607047C04600020020014B18687047C04640032540024B1B681F2018407047C04608032540154B1A68154B1B68F7
:407580009A4208D1144B1B681F221340082B02D0124B18601BE00E4B1A680132FA235B009A4200D100220B4B1B689A42FBD002230B490B60C0B20B49885405490A600A4A64
:4075C0001268134203D1084A11680B4313607047340C0020380C00200802254040022540800F25403C0C0020880F254070B506000D00002403E0305DFFF7BEFF0134AC42D1
:40760000F9D370BD70B51D4A1D4B1A6000241D4B1C601D4A1D4B1A601D4B1E4A136007211D4A11601D4A146006391D4A11601D4A13601D4B1C6004251C4B1D60082000F07A
:4076400097FC0321082000F0B1FC1949082000F09BFC184B1C60184B1C60184B1C60184B1C60184B1D60184B1C601A68174B1A80174B1C60174B1C6070BDC04607000002CC
:40768000000025404000254001000A004800254007000080000325400403254010032540440025400002254004022540500025403D8B0000880E2540C80E2540480F25404B
:4076C000080F2540C80F2540880F254008020020340C0020380C002005490B68F0229343603A13430B60034B1A88034B1A6070470003024008020020880F254010B5FFF74F
:4077000033FF002802D0FFF729FF01E0064B1868064A1368D821890011601B02D82292021340184310BDC04640032540C00F254004490A68D2B210239A4300011840104388
:40774000086070470001044010B50321192000F02DFC3D49192000F017FC3F223B4B1A603B4B1B68002B01DA3A4900E03A493B4A13680B4313603A4A3A4B1A603A4A3B4B04
:407780001A6000233A4A13603A4A3B490A603B490A603B4A13603B4A136001223A4B1A603A4A11683A4B0B40802189050B431360002445E03749A2005058DC239B01034015
:4077C0000919097E0B4334498C4662441360C30707D52B490A680123A3401B041B0C13430B60A3002B4A9B589B0707D525490A680123A3401B041B0C13430B60A300254A07
:407800009B589A0502D58020400001E080204001DB0504D463000021204A995203E0420863001E495A521E4B58431E4B9C4660441D4902F05FFB00B2A2001C4BD050013454
:40784000052CB7D910BDC046C579000020003A4080033A40602E1013602E001300003A40B000008004003A400000FF0718003A401C003A400400040010003A4014003A40D7
:4078800028023A4038023A4018023A4030003A40FEFFFFDF6CE1000080003A40480E002010270000C409000088130000300E002010B5094B1B68002B0CDB084B1B68002BEE
:4078C000FBDB054A1368802109060B4313600A2000F08AFC10BDC04600003A4008023A4010B5064B1B78002B04D1FFF72DFF0122024B1A70FFF7DCFF10BDC0460A02002071
:40790000034A1368802149020B4313607047C04604003A40020083070CD0074B1B680120184001D19307F8D4002804D00122024B1A6000E00020704710023A4010B50400B7
:40794000052802D9002000F01DFB052C07D8A400044B9C46644420680004000C00E0002000B210BD80013A4070B504000D00052802D9002000F006FB63000F4A995A09B27F
:40798000691A09B20D484843002906DDA3000C4A9A58D30F9A18531006E0A300084A9A58D30F9A18521053421818A400044BE15802F0A0FA00B270BD480E002010270000EF
:4079C000300E0020014B1A681A60704710023A40044A1368DBB201218B430840184310607047C0460007044004490A68D2B240239A4380011840104308607047000104402A
:407A000004490A68D2B210239A430001184010430860704700060440024B186800090123184070470406044004490A68D2B210239A43000118401043086070470000044025
:407A4000024B186800090123184070470400044004490A68D2B208239A43C000184010430860704700000440024B1868C0080123184070470400044004490A68D2B2202306
:407A80009A43400118401043086070470001044010B500F02FF810BD10B500F04DF810BD10B5044A1368802109060B431360FFF7EFFF10BD0000274010B5064B1B78002B3E
:407AC00004D1FFF7E9FF0122024B1A70FFF7E8FF10BDC0460C020020044B1B681F221340082BF9D0024B18607047C0460802274040022740054A1368F02109010B43136057
:407B0000034B1A88034B1A607047C046000602400E020020880F274005490A68054B1A408006C0231B051840104308607047C04620002740FFFFFFF310B5124A124B1A6028
:407B4000124A134B1A60134B134A13600721134A1160134A13600023124A1360124A1360124A1360124A1360124A1360124A1360124A13601268124B1A800020FFF7CCFFBF
:407B800010BDC0460F0000010000274001000080200027400701008000032740040327400002274004022740880E2740C80E2740480F2740080F2740C80F2740880F27408B
:407BC0000E02002000B585B000236A4653728022D20000926A4613720133019303900349684600F02DFD05B000BDC046540E002010B5064A13680724234000021843CB00E9
:407C0000FF2119400143116010BDC0461003014004490A68D2B204239A438000184010430860704700040440024B1868400801231840704704000440024B1868800801230D
:407C40001840704704000440024B1B68012018407047C0460400044010B54022024B1A6000F0CAF910BDC046B000002082B0134B0093134B0193134B6A461A601249134AC6
:407C80001160C0461B681B0F1B07F0221206934204D10C4B1B68FF2018400DE0094B1B681B0F1B07A0221206934204D0054B1B68FF20184000E0002002B07047B6E9000074
:407CC00010020020080010401600008004001040104B114A1A601149114A1160C0461B681B0F1B07F0221206934204D1094B1B68FF2018400DE0074B1B681B0F1B07A022F3
:407D00001206934204D0034B1B68FF20184000E00020704708001040B6E80000150000800400104082B0134B0093134B0193134B6A461A601249134A1160C0461B681B0F2B
:407D40001B07F0221206934204D10C4B1B68FF2018400DE0094B1B681B0F1B07A0221206934204D0054B1B68FF20184000E0002002B07047B6EA000010020020080010404C
:407D8000170000800400104030B5C5B004000023439342933D4B984273D8002971D08022520002A804F02EFD394B0093FF230193384B6A461A603849384A1160C0461B6861
:407DC0001B0F1B07F0221206934204D1314B1B68FF2213400DE02F4B1B681B0F1B07A0221206934204D02B4B1B68FF22134000E000234393439B002B45D100F056FE050089
:407E0000FFF734FF4290429B002B02D1FFF760FF4390439B002B25D1214A0092009A2404144300941B4A694611601E481B490860C0461268120F1207F02109068A4204D169
:407E4000144B1B68FF2213400BE0124A1268120F1207A02109068A4203D00E4B1B68FF2213404393429B002B07D1FFF75BFF4290429B002B01D0429B4393280000F019FE5F
:407E800001E004234393439845B030BDFF010000B6D70000080010400400008004001040B6D800000500008070B5040000F0FDFD0500102C05D8104A136803218B431360EC
:407EC00016E0202C07D80C490B6803229343023A13430B600CE0302C07D807490B6803229343013A13430B6002E0002000F04AF8280000F0DEFD70BD300010400C4B1B6812
:407F00009B001C22134018330A4A1268920803210A40D34008490868084A02400A60084A944663441B78DBB2064A13607047C046080F03402800034000002240FFFFFFBFCC
:407F40004DF3FF0F0C0F0340034B18688023DB05184000D001207047000022401F2318401E3B8340014A13607047C04600E100E01F2318401E3B8340014A13607047C0467F
:407F800080E100E001BE704770B504000D001B2802D90020FFF7F6FF1034A40080239B059C4664442068256070BDC04670B504000E00032902D90020FFF7E4FF1B2C02D95D
:407FC0000020FFF7DFFF03252540ED00063500F06CFDA408A400074B9C46644421680323AB4099430B003100A9401943216000F060FD70BD00E400E0034A13681B041B0C8F
:4080000002490B43136070470CED00E00400FA0510B5040006E0084B586800F03DFD074B9C46644480231B029C42F4D8024B9868604300F031FD10BDD40000200080FFFF22
:4080400070B582B000F0E2F800284DD000F02DFD0500264B1A6892001C231A401832244B1B689B0803210B40DA400021214B1960214C2168214B0B4021494A438021C901E0
:408080008C466244D20B013A5205520D1343A0225203134323601B4B1B6801933020FFF703FF194A13688021C9050B4313602668164B1E40002407E00120FFF7A9FF103406
:4080C000A30533430C4A1360EE2CF5D90120FFF79FFFFF239B051E43074B1E60019A094B1A60280000F0E5FC02B070BD080F0340280003400C0F03400800224000F800C083
:4081000040420F003000104000002240FFFF3FC0F0B583B0040018280BD01C2809D0202807D0242805D0282803D02C2801D0302849D100F0BAFC0190FFF706FF002803D094
:40814000FFF7DCFE012600E00026214A136807218B4313601F4BE3181B78DBB21E4A13601E4A13688B4313601D4803687F22934319001C4BE3181B7813400B430360322084
:4081800000F08AFC182C16D9114F3B680725AB431A0023001C3B9B082B4013433B60322000F07AFC3A68AA432300183B9B082C001C4014433C60012E01D1FFF741FF0198BB
:4081C00000F077FC02E00020FFF7DCFE03B0F0BD080F03404DF3FF0F0C0F0340100F0340180F034034F3FF0F10B5034B1B7B584300F052FC10BDC046D4000020024B1868CD
:40820000800F80077047C0460C022240034B1B68002B01DA012000E000207047000022400022014B1A60704738000340014A024B1A6070476588EDAC380003400004000CF6
:40824000034A13681B0C1B04184310607047C0464000034010B50400FFF7D0FFA0421AD0144A136803218B431360134B1B689B0F01D17C2001E086204000FFF7B5FF00F0F3
:4082800014FC0D4A13689B009B08A40FA4071C43146000F00EFC074B1B6803229343064A1268920F01D1023200E001221343014A136010BD140222400C02224010B504009D
:4082C00000F0F3FB054B1C4005490B68054A134023430B600B6800F0ECFB10BD0404040010022240FBFBFBFF10B5244B1B685B0715D5234B1B685B070ED5224B59690420AD
:4083000001401F4C22688A4322605A6982435A619B68002B00D098470420FFF7CFFF174B1B685B0518D5164B1B685B0510D5154B59698022D2001140114802688A4302607C
:408340005969114A0A405A61DB68002B00D098478020C000FFF7B2FF084B1B685B030CD5074B1B685B0304D5064B1B69002B00D098478020C002FFF7A1FF10BD10022240AE
:40838000E800002028020020FFFBFFFF70B58A6902600024002509E01368002B03D09D4201D202601D000132FF3201340B694E6873439C42F0D370BD8B6904E00133FF3398
:4083C0000A68934203D21A688242F7D100E000231800704730B5002803D00C680134FF340C600C681D68AC4201D39C690C60002414605C68A04216D31D69012D11D90868F8
:408400002102411A9B69994209D207498C4665446C4324021C19C01A2418146003E0116001E00B68136030BDFFFFFF0030B505000024FF2014E02B5D584000220CE043B25C
:40844000002B05DA4000C3B231204340D8B201E04000C0B20132D2B2072AF0D90134A4B28C42E8D130BDC04610B5C4680268D1097F23134000D001235B1842685343027A49
:40848000013253431B02E318002C05D080229202934203D9032002E0032000E0002010BDF0B5059C00251560DD01A54206D85E1CF601013EB44203D9002602E0002600E0EB
:4084C0000126002E1FD07F22224080320260069884466444A54206D80133DB01013B9C4203D9002302E0002300E00123002B05D0069B9C4662440A60002022E080235B0067
:408500000B6000201DE0069FE719BD4205D80133DB01013B9F4200D80126002E10D080230360069B80337F252C40803C1C190C6003681C1B069B9C4664441460002000E0F0
:408540000120F0BD10B5000AFFF71EFC002801D0042000E0002010BDF0B5C3B00400836800931D680126002724E0009E80225200310001A804F046F901350195802121A81E
:40858000FFF754FF2090220001A93000FFF7DAFF009BA269981A23689C466044220001A9FFF7D0FF0600230041AA69462800FFF711FF01372369626853439F42D5D330002F
:4085C00043B0F0BDF0B5C5B006000191029203934A9FBB69C41A3B689C466444C56F80308021FFF723FF854207D1029BF118039A019804F007F900241FE0E56F2000803094
:408600008021FFF713FF854216D180225200210004A804F0F7F83A0004A93000FFF792FF041E0AD1029B990004AB9C466144039A019804F0E7F800E00224200045B0F0BD67
:40864000F8B504000D1E3BD000283BD0C368002B3AD043680A2B39D80768002F38D0FFF703FF061E35D1EF6063682B61237A2B75637A6B75E368AB612268D1097F23134077
:4086800000D001235B186B60626853431B02E2689B182B602C00083429002000FFF776FEAB681B68002B14D12B7D002B11D02800FFF752FF060029002000FFF767FE08E00D
:4086C000012606E0012604E0012602E0012600E001263000F8BDC046F0B55F4656464D464446F0B48BB08146079192461F000B000691002A00D1F6E04A440892F868824249
:4087000000D9F3E0002B00D1F3E0BC6823680993531EDB094A46D2099B1A01339B46BD69601B7E68310201F05BFB704300022B18039300254A460FE0EB019A4206D36B1C8E
:40874000DB01013B9A4203D9002302E0002300E00123002B05D10135B542EDD39146002500E09146039BE31A1B0A190005933B69012B09D95B46EB18013B8D4207D89942D0
:4087800008D20123049307E00023049304E00123049301E000230493C846079B0026012210004A460792B946474698463EE02802039B9C4660447F243C4022008032013617
:4087C000B34502D980231C1B00E05446049B002B0FD0059B9D420CD94B465B681902401A49468969884204D2581B030249460968C81A4B461B7D002B0CD04B46009323008A
:408800004146FFF7DFFE00280AD082464F46079B994611E081182200404603F0F3FF00203F1953461B1B9A46A04401355E45BED382464F46079B99465346002B5BD1099A01
:40884000002A58D07B6814009A4200D91C00013C099B1C1B089A90461D0003974F463FE003992000FFF7A8FD002838D046688368F318B74203D246459241524202E09F4235
:4088800092415242002A2AD0B74201D3BA1B00E00022B74202D2F11B8C4601E000218C463900B74200D231000C324646984500D91E00731A069961440E000399097D00290D
:4088C00008D0039900913100FFF77CFE8246002805D010E081181A00300003F093FF0134AC42BDD907E001239A4604E001239A4601E001239A4650460BB03CBC9046994646
:40890000A246AB46F0BDC046F0B55F4656464D464446F0B4CDB0824693461D0000230B930A93AB6809930391131E00D1A8E05344EA68934200D9A5E0002900D1A4E05B4663
:40894000581E702101F04CFA030005900133049300230793994601208DE0099B1C682B0008AA09A92000FFF735FD8022520000210CA803F050FF631C98460C9353460D93ED
:408980000399059B994502D15B460E930AE070230E93E03B9C46E344E0339C46E244039B703303930E9A0FA803F02CFF0899002904D0803180222CA803F024FF6C68A04543
:4089C00003D943461C1B013400E00124002735E0444501D10CAE04E029002000FFF7ECFC0600099BAA69981A000A696801F07EFA002E0BD07368B268019200930B0007AAB2
:408A00000AA90BA8FFF74CFD070000E00137002F0BD10B9A0CAB9818079B9C46664431000C310A9B9A1A03F0EDFE2B7D002B04D080212CA8FFF7FAFC2B9001344445C7D967
:408A40002A000CA90998FFF77DFD2B7D002B0BD0002809D1099BAA69981A2B689C4660442A000CA9FFF76EFD00280ED1099BAB6001239C46E144049B994500D26DE704E02C
:408A8000012002E0012000E001204DB03CBC90469946A246AB46F0BD0230800803D001300238FCD1C046C0467047EFF3108072B6704780F31088704710B5174B1B68002BF1
:408AC00000D09847154B1B689B0723D5144B1A68144B1B689A4215D0124B1B68013380225200934200D100230F4AD25CD2B20F490A600C4A13600E4B1B681F221340082BBC
:408B0000E4D104E00B4A136802218B4313600222094B1A6010BDC046F80100208C0F2440300C00202C0B0020300B00204002244008022440880F2440800F244010B5174B54
:408B40001B68002B00D09847154B1B689B0723D5144B1A68144B1B689A4215D0124B1B680133FA225200934200D100230F4AD25CD2B20F490A600C4A13600E4B1B681F2299
:408B80001340082BE4D104E00B4A136802218B4313600222094B1A6010BDC046040200208C0F2540340C0020380C00203C0C00204002254008022540880F2540800F254045
:408BC000F0B55F464D4656464446F0B491B01F0004000D00160000F0AFF9CF4B029003919B461B785BB2994601334FD032003B003000390003F024FD0090002846D12200E1
:408C00002B002000290003F01BFD00228246002834D100232000290001F068FA00283AD0002200233000390001F060FA0590002800D174E006AB9846012342460693B74BFC
:408C40005360434652469C60DD601A621E615F614246002300249361D4614B46002B00D194E00023AE4C009301940098019911B03CBC90469946A246AB46F0BD0023300075
:408C8000390001F033FA002800D0EBE0029B039C00930194E9E70298039900F07DFF8146002800D186E0029803990022002301F01DFA0028EAD02000290000F06DFF029AF8
:408CC000039B009201930028CFD03000390000F063FF029A039B009201930028C5D006AB98460423424606938C4B9460D560536000230024136200239361D4615B461B784B
:408D0000166157615BB2022B04D0404600F04EFF002840D103F04AFD222303603BE03000390000F039FF029A039B0092019300289BD0002200233000390001F0DDF90028DC
:408D400000D192E706AB9846012342460693734B53604346059A9C60DD601A621E615F615B461B785BB2002B0BD0002042466D499061D161022B09D103F018FD21230360CA
:408D800009E04246002300249361D461404600F00DFF0028F0D043461B6A002B04D003F005FD43461B6A03604346DC699B69009301945AE72000290000F0EEFE002800D19C
:408DC00071E73000390000F0E7FE002800D16AE7029803990B00020003F032FC06AB984600287AD10323424606934C4B106253605B461B789460D5605BB2166157619946B2
:408E0000002B48D1E0224146474B12068A61CB61200000220023290001F06EF9002800D173E70022414B3000390002F03BFE04000D0000F0C3FE02000B002000290001F020
:408E400055F9002805D1E022394B120641468A61CB615B461B785BB299464B46022B00D053E757E706AB98460123424606932B4B536043469C60DD600024009A284D1A62D6
:408E80001E615F619C61DD614B4600940195022B00D07BE7E9E600224146264B20008A61CB6100220023290001F026F90028D4D000221E4B3000390002F0F4FD04000D00CC
:408EC00000F07CFE02000B002000290001F00EF90028BED10022134BB8E70123424606930E4B536043464A469C60DD601A621E615F6100245B461C57002C00D141E7002306
:408F000000221900100002F0A9F943469861D961022C00D130E739E7EC0000208CE100000000F03F0000F0FFFFFFEF470000E03FFFFFEFC70000F07FF0B556464D464446F5
:408F40005F46F0B41C001300670091B07F080093019406000D0080468946A2463B4332D06E4B6C0064089C4229DC26D09F4226DC6A4B9F4200D189E000239B464B46002B35
:408F800000DA87E0002A2FD1644B9F4200D19FE0634B9F425DD08023DB059A4501D100F0C1FB604B9A451FD14B46002B1CDB3000290000F0F7FC060007E000280DD05A4BCA
:408FC000E01830430BD100265549300011B03CBC90469946A246AB46F0BDA742C8DD534800F0E6FD0600F0E73000290000F0D0FD4346002B1DD0EB0F013B98465B46424675
:40900000134379D04A4B9F4200DC9FE0494B9F4201DC00F0CEFB484B9C4279DD5346002B79DD464A464B1000190002F03BFD0600CBE7002C04D03A4AAB009B089342DAD156
:409040005346002B00DAADE34B46002B0DDB0600BBE753462900002BB7DA32002B0000202F4902F0FBF80600AFE72F4B9C465B4664441C4301D100F02BFC5B460600012BC2
:40908000A3D180231B069C4661449EE7002A00D172E794E72B4B9F422BDC274B9F4200DC70E729493B158C466344142B01DC00F0F2FB3421CB1A0099D940080098408242F5
:4090C00000D05FE70123194001335B1A9B4659E7154BE018064300D175E7174B9C4200DC51E35346002B16DB009B019C1E0021006BE702239B4645E732002B00300029008F
:4091000002F04AFF02000B0002F0A8F806005CE75346002B85DB0026002156E70000F07F0000F03F0000E03F000010C078E000000000E0410000F043FFFFEF3F9C75008866
:409140003CE4377EFFFF3F4301FCFFFFE84B00229C4206DC0022E74B02F0A4FC35220C005242E54D2315AC46634499462403E34DE34B240B914425439C4209DDE14B9C420C
:4091800000DCA9E301239C46DF4BE1449C466544002300240022089309940C930D940024D64B06920793069A079B29000A900B9102F0F2FE069A079B06000F000A980B99EF
:4091C00001F020FD02000B000020CC4902F046F80A00010013000E910F9202003900300002F060FC0A00010080200491059213000022802100038446029203930022890584
:409200006D100D4365442B190298039914001D0002F048FC02000B003000390002F0BCFE069A079B06000F002000290002F0B4FE02000B000A980B9902F0AEFE029A039B46
:4092400002F030FC02000B003000390002F0A4FE0E9A0F9B02F026FC049D059E069007912A0033002800310002F01CFC06000F00A64AA74B02F016FCA64AA74B01F0C2FCA2
:4092800032003B0002F00EFCA44AA54B01F0BAFC32003B0002F006FCA24AA34B01F0B2FC32003B0002F0FEFBA04AA14B01F0AAFC32003B0002F0F6FB9E4A9F4B01F0A2FC70
:4092C000320004000D003B003000390002F0EAFB02000B002000290002F0E4FB029E039F04000D000498059932003B0001F08AFC069A079B02F0D6FB22002B0001F082FC57
:4093000032000A900B913B00300039000296039702F0C8FB0022894B04000D0001F072FC0A9A0B9B01F06EFC00260F0032000B000298039902F0B6FB0022029003917F4BD2
:409340003000390002F028FE22002B0002F024FE02000B000A980B9902F01EFE049A059B02F0A0FB320004000D00069807993B0002F098FB02000B002000290001F042FC19
:4093800004000D0002000B000298039901F03AFC0026E0226A4B120630000F0002F082FB029A039B049005913000390002F0F4FD02000B002000290002F0EEFD614A604B56
:4093C00002F070FB604A04000D00604B3000390002F068FB02000B002000290001F012FC0C9A0D9B01F00EFC060048460F0003F07DF904000D000498059932003B0001F099
:4094000001FC089A099B01F0FDFB22002B0001F0F9FB002022002B000290039102F0BCFD089A099B02F0B8FD049A059B02F0B4FD02000B003000390002F0AEFD0490059185
:409440005B464246013B134300D197E100232B4C069307940098019900260B0032000F0002F09AFD029A039B02F01CFB009A019B04000D000498059902F014FB02000B001B
:409480002000290001F0BEFB04000D00029803993B0032000494059502F004FB009001910B0002002900200001F0ACFB284B81460F008A46994200DC3CE1264BCB1803434B
:4094C00000D0DBE104980599234A244B01F09AFB009A019B04000D004846390002F05CFD02000B002000290000F01AFE3E0037E0FFFF0F000000404301FCFFFF0000F03F7E
:409500008E98030079B60B000000F0FFEF4E454A287ECA3F65DBC9934A86CD3F01411DA96074D13F4D268F515555D53FFFAB6FDBB66DDB3F033333333333E33F000008404C
:4095400009C7EE3FFD033ADCF5015B14E02F3EBEFFFF8F40000070BFFE822B654715973C002800D08AE18022E74B52039C461300361566443341E549DB195E001C001B0389
:409580008C461B0B13431422760DE14F66443741961B334198465346BC4300202100002B00DAA9E102000B000098019902F0F4FC0B000090019102000498059901F022FB4F
:4095C00043461B05994600200022D24B06000F0002F068FA009A019B029003913000390002F0DAFC02000B000498059902F0D4FCC94ACA4B02F056FAC94A04000D00C94BE3
:409600003000390002F04EFA02000B002000290001F0F8FA04000D0002000B000298039901F0F0FA029A039B06000F0002F0B4FC02000B002000290002F0AEFC320000907A
:4096400001913B003000390002F02CFA04000D00B54AB64B02F026FAB54AB64B02F09CFC22002B0002F01EFAB34AB44B01F0CAFA22002B0002F016FAB14AB24B02F08CFC26
:4096800022002B0002F00EFAAF4AB04B01F0BAFA22002B0002F006FA02000B003000390002F07AFC04000D0002000B003000390002F0F8F98023029003910022DB05200058
:4096C000290002F069FC02000B000298039901F0C5FD009A019B04000D003000390002F0E1F9009A019B01F08DFA02000B002000290002F051FC32003B0002F04DFC02008B
:409700000B000020924902F047FC4B465B181A15002A00DCF4E01900069A079B02F0C2F9060052E4320030002B00290002F0BAF906004AE4874B4E0076089E4200DCBFE015
:40974000854BCB1803430CD1009A019B02F024FC02000B000498059900F0D8FC002800D101E7069807997D4A7D4B02F09BF97B4A7B4B02F097F90600FFF727FC0023794C78
:409780000693079466E65346002B00DBC3E4009B019C802212061E009446230063441900FFF713FC02000B000020694901F056FD4AE46D4B9C4200DCAAE4654B9C4201DD54
:4097C000FFF72CFC0022624B02F0E6FBC022674BD20504000D0002F065F9654A06000F00644B2000290002F05DF9002202900391614B2000290002F055F902000B005F48A8
:409800005F4902F0C9FB22002B0002F04BF902000B0000205B4902F0BFFB2200049005912B002000290002F03DF902000B000498059902F037F9544A4C4B02F033F9020024
:409840000B000298039902F0A7FB02000B0004000D003000390001F0D5F9002210003B0032000290039102F097FB02000B002000290002F091FB04900591E1E5434A444BA4
:409880000698079902F00EF9404A414B02F00AF90600FFF79AFB002A01D0FFF7A5FB1432D31A3A001A41110099408F4201D0FFF76FFB012313400222D31A9B46FFF768FBCE
:4098C000304B9E4200DD4EE60023994698467AE602000B00FFF714FC80232E4CDB05089309942D4B2D4C00220C930D9480242C4BE4020692079356E443465B42984651E679
:40990000424600F0FDF907E702FCFFFF01FCFFFFFFFF0F00432EE63FEF39FAFE422EE63F396CA80C615C20BED0A4BE726937663EF16BD2C541BDBB3E2CDE25AF6A56113FC8
:4099400093BDBE166CC1663F3E5555555555C53F0000F03FFFCB904000346F3F59F3F8C21F6EA5010000F0BFFEFFEF3F4715F73F44DF5DF80BAE543E0000D03F5555555590
:409980005555D53F0000E03FFE822B659C7500883CE4377E03B8E23F06D0CF43EBFD4C3E0000F83FF0B556464D4644465F46754BF0B40A000D00190083B0060004002940A2
:4099C000994200D1BAE0002D00DC94E02D1500D1A3E06D4B12039C468023120B5B0365441A43EB0700D581E06B109846E30F9B189B18802216210026002764009203B81873
:409A0000984202DC87181B1AB618E00F5B0001391B18640052080029F1D1002201929446802212062020914609E09F4241D0E10FC9180138CB186400520800281ED06146C9
:409A400051189F42F1DA8D18AC46CD0FED07BA464D4539D0DB1B8C42BF417F42DB1B641A019901388B46934459460191E10FC9185746CB18640052080028E0D123432BD1E0
:409A8000019B5B08414972108C466244F10702D5802109060B43414609058D181E002F003000390003B03CBC90469946A246AB46F0BDA1420ED88D18AC46CD0FED074D45BE
:409AC00048D09A460023CAE76546002DC2DB7D1CAA46BFE73B00AAE7019B01333ED0019A01239446134063445B08CBE7E30F52009A18640078E76B005B0803432F00002B7D
:409B0000CED00025002A31D1E20A153D6405002AFAD080235B031A4223D180200023400300E00B005200591C0242FAD02020401AED1A2300C3408C401A434AE702002B0036
:409B4000290001F0AFFF32002B0001F05BF806000F00A5E76546002DB9DAB2E70136002390E7012320205B420021E1E73B000200390002F011FA02000B0001F06FFB06003B
:409B80000F008DE70000F07F01FCFFFF0000E03F49004B0819007047034B48009C4640086044C00F7047C0460000108000207047002001497047C0460000F87FF0B5474606
:409BC00080B4CB0F98464A4C4B005B0D1E1982B007000A00132E35DC002E57DB454B040033411F000F4007430D00002F24D05B081C000C4020430027002807D0132E00D1AE
:409C000072E08022D202324199430A434346DE00394B11009E1934687568380022002B0000F0F0FF009001910098019922002B0002F0B2F904000D002000290002B004BC26
:409C40009046F0BD332E0CDD80230400DB000D009E42F1D102000B0000F0D4FF04000D00EAE7264C0D00A446012463446442DC40A446614604000142DED049080142C5D08E
:409C80008027FF051F4188430743BFE74B005B08034304000D00002BCED00B031B0B03435A42134380221B0B120313404A0C5204134319004346104ADB00D3181C685D6867
:409CC00022002B0000F09EFF009001910098019922002B0002F060F942464B005B08D607334304001D00A7E780273F0689E7C04601FCFFFFFFFF0F0090E10000EDFBFFFFA5
:409D00004B0070B55B0D14000A00002B1AD14B005B08034315D00022224B01F0C3FE224B0A009C4222DB4B005B0D363B1F4DE318AB4220DC002B0DDD1D4C1B0522401A43DA
:409D4000110070BD1B4DAB42F0D102000B0000F059FFF6E71D00353518DA174B02009C420ADC0B001548164900F032F8134A144B01F098FEE5E702000B001248124900F01A
:409D800027F8104A104B01F08DFEDAE7084C363322401B051343190000220C4B01F082FECFE7C04600005043B03CFFFFFE070000FFFF0F80FF07000050C3000059F3F8C210
:409DC0001F6EA5019C7500883CE4377E0000903C30B54A00DB0FDB0752081A43110030BD002243088B4274D303098B425FD3030A8B4244D3030B8B4228D3030C8B420DD337
:409E0000FF22090212BA030C8B4202D31212090265D0030B8B4219D300E0090AC30B8B4201D3CB03C01A5241830B8B4201D38B03C01A5241430B8B4201D34B03C01A5241DD
:409E4000030B8B4201D30B03C01A5241C30A8B4201D3CB02C01A5241830A8B4201D38B02C01A5241430A8B4201D34B02C01A5241030A8B4201D30B02C01A5241CDD2C309AD
:409E80008B4201D3CB01C01A524183098B4201D38B01C01A524143098B4201D34B01C01A524103098B4201D30B01C01A5241C3088B4201D3CB00C01A524183088B4201D306
:409EC0008B00C01A524143088B4201D34B00C01A5241411A00D20146524110467047FFE701B5002000F0F0F802BDC0460029F7D076E7704703460B437FD4002243088B4231
:409F000074D303098B425FD3030A8B4244D3030B8B4228D3030C8B420DD3FF22090212BA030C8B4202D31212090265D0030B8B4219D300E0090AC30B8B4201D3CB03C01A6E
:409F40005241830B8B4201D38B03C01A5241430B8B4201D34B03C01A5241030B8B4201D30B03C01A5241C30A8B4201D3CB02C01A5241830A8B4201D38B02C01A5241430A33
:409F80008B4201D34B02C01A5241030A8B4201D30B02C01A5241CDD2C3098B4201D3CB01C01A524183098B4201D38B01C01A524143098B4201D34B01C01A524103098B4234
:409FC00001D30B01C01A5241C3088B4201D3CB00C01A524183088B4201D38B00C01A524143088B4201D34B00C01A5241411A00D201465241104670475DE0CA0F00D0494223
:40A00000031000D34042534000229C4603098B422DD3030A8B4212D3FC22890112BA030A8B420CD3890192118B4208D3890192118B4204D389013AD0921100E08909C30941
:40A040008B4201D3CB01C01A524183098B4201D38B01C01A524143098B4201D34B01C01A524103098B4201D30B01C01A5241C3088B4201D3CB00C01A524183088B4201D344
:40A080008B00C01A5241D9D243088B4201D34B00C01A5241411A00D20146634652415B10104601D34042002B00D54942704763465B1000D3404201B5002000F005F802BD65
:40A0C0000029F8D016E770477047C0468446101C62468C46191C634600E0C0461FB501F077FC002801D40021C8421FBD10B501F0CBFB4042013010BD10B501F069FC00284F
:40A1000001DB002010BD012010BDC04610B501F05FFC002801DD002010BD012010BDC04610B501F0F1FB002801DC002010BD012010BDC04610B501F0E7FB002801DA002027
:40A1400010BD012010BDC0468446081C6146FFE71FB500F0D1F9002801D40021C8421FBD10B500F05DF94042013010BD10B500F0C3F9002801DB002010BD012010BDC04630
:40A1800010B500F0B9F9002801DD002010BD012010BDC04610B500F06BF9002801DC002010BD012010BDC04610B500F061F9002801DA002010BD012010BDC0469E2110B5DB
:40A1C000C905041CFFF7F0FF002803D1201C00F071FC10BD9E21201CC90500F0E5FA00F069FC80231B069C466044F2E7F0B5564644465F464D46F0B444024600C70F83B0DE
:40A200008846650A360EBA463DD0FF2E22D00023EC00802599469B46ED0425437F3E43465C025800DB0F640A000E984636D0FF2830D080230021E400DB041C437F38301A50
:40A240000190484642460843724E800030587A4013008746002D44D108239946063B9B46DDE70122FF2000241A406402C305640AD2071C431443200003B03CBC90469946ED
:40A28000A246AB46F0BD002D20D104239946033B9B46C4E7002C17D1022102E0002C0AD10121321A01924A4643460A435A48920082587B409746200002F05AFA431F76308F
:40A2C0009C4040420021BAE70321B8E7280002F04FFA431F9D4000237630464299469B469DE70C239946093B9B4698E780240022E403FF20B9E70024C2468B465A465346F0
:40A30000022AAED0032A7DD0012A31D1012200201A400024A9E70122101A1B2856DD1A4000200024A1E78023DB031D424BD18023DB032B435C02640A3A00FF2095E76D0198
:40A340006001854230D2019A0024013A01921B220127290064006D00002901DBA84201D82D1A3C43013A002AF3D16A1E95412C4301987F300028CEDD620704D00F22224058
:40A38000042A00D00434220103D5244A019814408030FE2800DD64E70122A401640AC0B21A4062E72C00A9E72D1A1A220124CFE76B02BCD500248023DB031C436402640AD8
:40A3C0004246FF2051E71C42B3D1F4E721002022C140101A8440621E94410C43620704D00F222240042A00D00434620104D5012201201A40002438E70122A401640A1A4018
:40A40000002032E78023DB031C436402640A5246FF202AE7A0E10000E0E10000FFFFFFF7430270B542004C005D0AC30F4802120E460A240EC90FFF2A0FD0FF2C11D0012007
:40A44000A24200D070BDB542FCD18B420DD0002AF8D12800431E9841F4E70120002DF1D1EBE70120002EEDD1E9E70020EAE7C0464302F0B542005D0AC30F4802440A480062
:40A48000120E000EC90FFF2A1FD0FF2822D0002A09D16E426E4100280FD1002C0DD10020002D09D005E0002801D1002C01D08B4213D0584201231843F0BD002EF7D04842F9
:40A4C0004141012049420843F6E7002DDDD002204042F1E7002CDAD0F9E78242E9DC04DBA542E6D80020A542E6D25842434101205B421843E0E7C0464302F0B542004C00B2
:40A500005E0AC30F4802120E450A240EC90FFF2A17D0FF2C19D0002A0BD170427041002C17D0002807D048424141012049420843F0BD002C13D08B4214D0584201231843F6
:40A54000F6E70220002EF3D1E3E70220002DEFD1E1E7002DE5D10020002EE9D0EDE7002DE9D1EAE7A242E8DC04DBAE42E5D80020AE42DDD25842434101205B421843D7E7EB
:40A58000F0B557464E4645464300E0B446028846760A1F0EC40F002F47D0FF2F25D0002380259A469946F600ED042E437F3F434642465D02D20F5B006D0A1B0E904640D095
:40A5C000FF2B39D080220020ED00D20415437F3BFB1842465746591C62408C4607430F2F5CD86F49BF00C9598F46002E45D108239A46063B9946DAE7424602282DD003283C
:40A6000000D1C3E0012800D0A2E0002500260240D4B27602ED05760A2E43E407264330001CBC90469946A246F0BD002E1AD104239A46033B9946BAE72A00511E8A41901C29
:40A64000C6E70120002DC3D0280002F091F8431F76309D4043420020BAE70124FF2514400026D6E7300002F083F8431F9E400023763047429A46994699E70C239A46093B3D
:40A68000994694E780260024F603FF25C1E735004846B2E7350022004846AEE72904090C0800370C3604360C2C0C7943704367437443060C64183619B14203D98021490232
:40A6C000884647440004000C310409188D01681E8541890E2943350CED19AD010D43290104D5012369081D4063460D4319007F31002925DD680704D00F202840042800D0C1
:40A700000435280103D5274980330D401900FE29A3DC0124AD016E0A1440CDB279E78020C003064207D0054205D128434602760A4446FF256DE706437602760AFF2568E7AA
:40A740000124611A1B2905DD14400025002660E76346CBE72E002023CE40591A8D406B1E9D412E43730704D00F233340042B00D00436730104D5012401251440002648E7CE
:40A780000124B601760A1440002542E780260124F6032E437602760A1440FF2539E7C04620E20000FFFFFFF7F8B54A024E0043024400240EC50F9B09360EC90F9209FF2E7C
:40A7C00000D183E001204140A01BA9425CD0002800DC95E0002E1CD1002A00D081E05A0704D00F221A40042A00D004335A013BD50134FF2C00D191E001209B015B0AE4B208
:40A8000005405B02E4055B0AED0723432B431800F8BDFF2CE3D08021C9040A431B2800DD90E016002021C640081A8240511E8A4132439B1A5A0115D59B019E09300001F01C
:40A8400097FF0538864084426CDC041B330020200134E340041BA640721E964100243343BDE70D005A07BCD1DF0801231D40FF2C33D1002F00D190E08022D20313003B4393
:40A880005B025B0AFF24BCE700284FDD002E2ED0FF2CA4D08025ED042A431B2800DD97E016002025C640281A8240501E824132439B185A01D5D50134FF2C6DD001227B4811
:40A8C0001A405B08034013430D0088E7002A00D07AE777E7031EC5D100257B025B0AE4B28FE701380028A4D0FF2C97D177E7002A00D174E701380028DAD0FF2CCDD16EE7BE
:40A90000002821D1601CC0B2012858DD80279E1AFF0437402FD0D61A0D008FE701231D4000236EE7624B241A334058E7002851D1601CC6B2012E33DDFF282DD09B185B0819
:40A9400004004CE7012274E7002C1AD0FF2E1FD08024E404404223431B2800DD96E01D002024C540201A8340581E83412B43D31A34000D005EE7002E00D05FE700250024DB
:40A98000ABE7002B44D0C0430028F0D0FF2EE3D11300FF240D0022E70D00FF24002330E7002C5DD1002B7DD0002A00D117E79B185A0100D456E73E4A040013400FE7002C59
:40A9C0001ED1002B2FD1002A65D013000D0006E701226DE7002C1FD1002B59D0C04300280BD0FF2E4FD01B285EDC1D002024C540201A8340581E83412B439B18340058E7EA
:40AA0000002B1CD1002A49D013000D00FF24E6E6130034000D00E2E6FF2E34D08024E40440422343DFE7002A00D1D8E68027981AFF04074000D14DE7D31A0D00CFE6FF24F2
:40AA4000002A00D1CBE68020DB08C003034204D0D208024201D113000D00DB00FF24BEE6002B10D0FF24002A00D1B8E68020DB08C003034203D0D208024200D11300DB0017
:40AA80000D00FF24ABE61300FF24A8E601236EE713003400A3E6002700251EE780270025FF03E9E613009AE60123A6E7FFFFFF7DFFFFFFFB4302590A4300C20F1B0E00201F
:40AAC0007E2B0EDD9D2B0DDC802000040143952B0BDC9620C31AD9400B005842002A00D118007047034BD018FBE7963B99400B00F3E7C046FFFFFF7F70B5002830D0C31717
:40AB0000C5185D40C40F280001F032FE9E231B1A962B0DDC9622D21A95406A02520AD8B25202C005520AE40702432243100070BD992B19DC9922D21A9540124A2A40690762
:40AB400004D00F210D40042D00D00432510103D50C4B1A409F231B1A9201520AD8B2DFE7002400200022DBE705222E00121AB921D6402A00C91A8A40551EAA4135001543E1
:40AB8000DBE7C046FFFFFFFB70B5041E28D001F0EFFD9E231B1A962B0ADC9622D21A94406202520AD8B25202520AC005104370BD992B18DC9922D21A9440114A224061070D
:40ABC00004D00F210C40042C00D00432510103D50B4B1A409F231B1A9201520AD8B2E2E700200022DFE705222500121AB921D5402200C91A8A40541EA2412C001443DCE7E3
:40AC0000FFFFFFFBF8B556465F464D464446F0B40F00FD0FAA4609037C002E005F00450F490A7F0D2943C5001803BC46400A570F640DDB0F3843D2009A4500D1AAE066468E
:40AC4000A61B002E00DCFFE06346002B39D10300134300D0D9E06B0709D00F232B40042B05D02B1DAB42AD416D4249191D000B0200D482E0CA4B01349C4200D1FEE00A0009
:40AC80005646C84BED081A405007640552020543120B640D002112030B0D1B056405120B1A436308C04CF60714401C43640064083443280021003CBC90469946A246AB461E
:40ACC000F8BDB74B9C42C6D080231B041843382E00DDEBE01F2E00DD1EE120239B1B9C4603006746BB40984613004746F3403B436746BA40571EBA4113430200F240EB1A7A
:40AD00009D42B6411D008A1A7642911B0B0231D54A02560A002E00D1B4E0300001F028FD0300083B1F2B00DDB5E020222900D21AD1409E400A009D4032439C4200DDB1E090
:40AD40001C1B631C1F2B00DDD5E0202114002800C91A8C40D8408D400443DA40681E854111002543002476E74146314300D134E2310045466B0700D06FE756464807ED0873
:40AD8000C9080543864B9C4235D00A036405120B640D7FE76346E31A9B46002B00DC8BE06746002F3CD07E4FBC4200D153E780273F0438435B46382B00DCF7E00243501ED6
:40ADC00082410020D2B253194218AB4289411D00494289180B02CDD5714B01349C4200D13DE101206F4A6B080A4028401843D507054351082FE72B000B4300D1CBE1802333
:40AE00001B030B431A03120B44E7013E002E6DD1AE1AB5429B41091A5B42C91A350075E70700174300D116E701235B429C46E3445B46002B00D0E0E0AA18AA429B410918C7
:40AE40005B4259181500C5E7002E75D1661C7605760D012E00DCF3E0AE1AB0464545BF410E1A7F42F61B370200D48FE0551BAA42B641411A76428E1B9A464BE75646002294
:40AE8000002507E7280001F073FC20300300083B1F2B00DC49E72A002838824000259C4200DC4DE73F49E41A1140D4E60243501E8241D3B2002222E7002B00D0F3E0631CA8
:40AEC0009C465B055B0D012B00DC9FE0344B9C4500D1C3E0AA180918AA42804140424118CD075208154349086446B4E62C4B9C4200D0ECE6AFE611001F3CE1400C00202B57
:40AF000000D17FE04021CB1A9A4015436A1E95410021254300242DE733000700203BDF403B00202E70D04027BE1BB0400243501E824113430022E2E6002C4FD0184CA4454F
:40AF400000D1ABE08024240476422143382E00DDDFE01F2E00DD43E12027BC1BA1460C004F46BC40A0462C004746F4403C434F46BD406F1EBD41F1402C43151BAA4292419D
:40AF8000411A5242891A64469A46BFE641464546314300D0BEE6002600240025F2E6C046FF070000FFFF7FFFFFFF0F801F2B59DC2027FF1ABC46070063469F405B46B9466A
:40AFC0001700DF40B8464F4643461F4363469A40531E9A415B463A43D840F4E60C002C435CD0F643002E55D1551BAA42A441411A6442091B9A46644688E6964FBC4200D079
:40B00000D8E628E6002280E700208FE70B002B43002C00D0C2E0002B00D101E10300134300D118E6AB18AB42B6410918764271180A0200D409E1884A1D00114064460AE65B
:40B04000002C5BD10E002E4300D08AE00100114300D1C2E0010015009A46FCE56446002100258FE620235B429C46DC4463460700DF405B46BC46202B00D1ACE040235F46B7
:40B08000DB1B98400243501E8241634613431A00002098E66F4CA44500D057E70100150064469A46D7E5002C39D10C002C436ED0DB43002B1AD0674CA44568D0382B00DD51
:40B0C000A4E01F2B00DDAEE020240F00E41AA740B9462F00DF40B846A3464F46444627435C46A5406C1EA541D9403D43AD1895429B4109185B42591864466BE60C002C4375
:40B1000015D1010011437BD0010015009A46514CA1E50D43691E8D410021ECB22DE74D4CA44534D0802424045B422143C6E7040014434ED0ED084C072C438025C9082D0322
:40B14000294208D0C6082E4205D1D208410711430C009A463100620FC900E50011433D4C79E50600164300D175E5AE1AB0464545BF410E1A7F42F61B370200D4F4E5551B69
:40B18000AA42B641411A7642891B9A4663E50100150064465FE5002200257BE5002B3BD00300134315D0ED084B072B438025C9082D03294207D0C4082C4204D141070B00AF
:40B1C0002100D2081343C9005A0F1143DD00214C41E5204C3FE5002054E700260025D1E534000F00203CE7403C00202E2BD04027BE1BB1400D43691E8D4100212C43BCE6C9
:40B20000802100260903134C0025BBE50D43691E8D410021EDB269E7010015000D4C1AE50100150017E51C000F00203CE7403C00202B0CD04027FB1A99400D43691E8D41D7
:40B240000021254352E70021D4E71D0092E50021F3E7C046FF070000FFFF7FFFF0B556464D4644465F46F0B41D000E034C00CB0F87B0070092468146360B640D98466AD077
:40B280006D4B9C4235D08022430F12041343F6001E43C3009946694B00279C460023644402932B0368001B0BED0F51469B46400D009500D178E0604B98426CD05B46DA0006
:40B2C0004B0F802109040B4313439B465346D9005A4B9C46002360444246201A6A40924601901F430F2F00D9B0E05548BF00C0598746374300D088E00023994602330827C9
:40B3000000260293CDE74346B34649460093029B009A9246022B00D0BFE1002153460122002689461A40444B002136030C0D2405360B2643434C1B0526401E437600D20788
:40B34000760816434846310007B03CBC90469946A246AB46F0BD330003434FD0002E00D1BCE1300001F004FA03000B3B1C2B00DDADE11D220100D31A08393A008F408E40BA
:40B38000DA40B9461643304B00279C46002360444442029385E753465A4613432CD1002300219B46023397E70B4320D05B46002B00D19EE1584601F0DBF903000B3B1C2B98
:40B3C00000DD8FE102005946083A91408B461D21CB1A5146D9400B0059460B4351469B469140194B9C4660444042002374E7002300219B4601336FE703236DE70023994652
:40B4000001330427002602934BE703230C27029347E70122D51A382D00DCB0E153461A4000210023002689467EE700238026994600223603004B77E7FF07000001FCFFFF82
:40B4400060E20000FFFF0F80F30300005E4500D972E100D16DE1019B4D46013B01930023340002935B461E020B0E1E430B020393330C994633041B0C494620000093FEF79D
:40B48000AFFC009B370043430600494620009846FEF72CFD2C0C09040C43A04509D9E419731EA74200D95CE1A04500D859E1023EE4194346E41A49462000FEF791FC030001
:40B4C000009A80465343494620009B46FEF70EFD2A040904120C0A4393450DD94346D219013B974200D93AE1934500D837E102235B429C46D219E0445B46D21A434636041A
:40B5000033439B460399180C0B0C1D00059309045B46090C0C001B041B0C4443049159436B4368431B190D0CEB189C4203D980246402A44660441C0C09041B04090C2018BF
:40B540005D18824200D2DEE000D1D7E0161A029B9C465D1BAC459B415B42F61AB74200D106E149463000FEF73BFC009B04004343494630009846FEF7B9FC2E0C09040E4339
:40B58000B04509D9F619631EB74200D9F3E0B04500D8F0E0023CF6194346F31A494618000293FEF71DFC009B06004343494602989846FEF79BFC2D0409042D0C0D43A84547
:40B5C00009D9ED19731EAF4200D9D6E0A84500D8D3E0023EED192404210043463143049E059A3000ED1A0B040C0C1B0C58436643534354439A19030C9B189E4203D9802244
:40B600005202944664441A0C00041B04000C14191B18A54250D34DD001231943964A019B94466344002B00DCF3E64A0709D00F220A40042A05D00A1D8A42894149428B443C
:40B6400011005A46D20108D55A468C4B1A4093468022D2009446019B6344894A934200DD5BE65A46C908500708435602514601225B058146360B5B0D0A4055E680231B032D
:40B680001E4211D05A461A420ED15E461E433603360B2A0089467B4B46E6032B00D1E1E0012BBBD11A40BBE61E433603360B4246744B39E6002BB1D07D194A1EAF4252D98A
:40B6C0001100A542A8D1039A9A42A5D1A6E703003E00283B9E400023994654E601F048F8203041E603005246283B9A400021934677E6504601F03CF820305EE6029B0026B6
:40B70000AB4200D323E7039E0299B44661448846B045B6415B467642F619B218013B0291974213D290424FD800D18EE0161A9B460DE7894500D28EE674084B46F60735005B
:40B740005B081D434B46DB0702938BE69742EDD10399029CA142E5D93E1A9B46F7E69846CAE61E00A5E6AC423ED874D0110053E70121494252E71C000EE71E002BE71F2DC8
:40B780003CDC20230A0058465B1B9840EA4099400243481E81415E461143EE404B0709D00F230B40042B05D00B00191D99429B415B42F61833023CD55346012200211A40D6
:40B7C000002601238946AFE502235B429C46039CE344A446029B63449846A045B6417642F6190293B218B1E603988A1E41008142B6417642F619AD19039161E71F22524211
:40B80000D31A5A46DA401300202D29D040225846551BA8400143481E814107200B4318400026002809D00F2200261A401900042ABBD10B0070077602360BDB080343994689
:40B84000012253461A4000236EE502998D42BBD89B4600267BE603989842C5D3110032E70020D7E780265B4636031E433603360B009A8946034B57E5FF030000FFFFFFFE77
:40B88000FE070000FF070000F0B55F4656464D464446F0B41F035C00DB0F9A46194B0E034D00C90F8046360B6D0D8B4691463F0B640D9D4219D0134B9C421BD00123A54216
:40B8C00006D018003CBC90469946A246AB46F0BDBE42F6D1C845F4D1D34510D0002DF0D1304303005A1E9341EBE7310001230143E7D1E0E73A430123002AE2D1DEE7002396
:40B90000DFE7C046FF070000F0B55F46444656464D46F0B41F033C0B2C4F0E034D00A3465C008446360B6D0DC90F9046640DDB0FBD422BD0254FBC422ED0002D0ED1304390
:40B940000700814678427841002C17D15F463A4314D14B460020002B0AD006E0002C02D15846024301D099421AD00123484218433CBC90469946A246AB46F0BD0028F2D031
:40B9800058425841012240421043F1E737000743D0D002204042EBE75F461743CDD0F8E7A542E2DC05DB5E45DFD808D000205E45DED248424841012340421843D8E7C4456C
:40B9C000D3D80020C445F4D3D2E7C046FF070000F0B55F464D4644465646F0B41C03240BA4462F4C0F034D005E00C90F80463F0B6D0D8B469146760DDB0FA54220D0284C0E
:40BA0000A64222D0002D12D1384344424441002E20D0002C0DD05C42634101245B421C4320003CBC90469946A246AB46F0BD002E17D05B4519D05B465C4201231C43EFE783
:40BA4000390002240143EBD1D9E7614602241143E6D1D7E761460A43DBD100240028DFD0E9E761460A43E4D1E5E7B54203DD01225C421443D4E7B542CDDB6745DBD809D0B0
:40BA800000246745CCD259464C426141012449420C43C5E7C845CED80024C845F3D3BFE7FF070000F0B55F4656464D464446F0B40D0399464E002B0B87B007009246804652
:40BAC0009B46760DCC0F002E69D06D4B9E4235D05B468022DD001204430F13432B439B46C3009846674B00279C460023664401934A4615035000D20F53462D0B400D91464B
:40BB000000D176E05E4A90426CD080225B0F120413435C4AED0094461D4353460022DB00604449463618701C6140029017430F2F00D9AFE05448BF00C759BF465B461F438A
:40BB400000D088E000239B469846023308270193CEE74946022A6AD0032A00D109E2012A00D0BBE111400022002300259046CCB200212D030A0D12052D0B1543434A1B05BE
:40BB800015401D436D00E4076D0825434046290007B03CBC90469946A246AB46F0BD034352D05B46002B00D18AE1584600F0E0FD03000B3B1C2B00DD7BE11D22D31A3A00F8
:40BBC00001005D46DA4008398D4013008F402B439B46B8462E4B00279C46002360444642019385E752462A432CD100250023022297E752462A4321D0002D00D154E128003C
:40BC000000F0B6FD03000B3B1C2B00DD46E11D21CB1A51460200D9405346083A954093400D431B4A944660444042002279E7012400220C40124B0025904699E7002500238B
:40BC400001226EE703226CE700239B4698460133042701934CE703230C27019348E700238025984600242D03054B81E75D464346019A6FE75D4643462100019A6AE7C046A2
:40BC8000FF07000001FCFFFFA0E20000FFFF0F80F30300004246120C91461A0C9446424617044A461B041B0C5A43604690464A4642431000039262461C003F0C7A437C432A
:40BCC00042440192220C9246019A5244904506D98246802040028046C24450460390100C049048462404240C1204121905922A0C2D042D0C68432C00824648467C43504314
:40BD00008146200C8046574357444744BA4503D9802040028046C144380C3F04B84648442404240C01900498A044404404905846000C814658460404200C824607004846D0
:40BD40005F434C464343604660436446834650464443380C8446E4186444A34203D980235B029C46E34448463F04230C3F0C2404E419574668436F4384464D4650465543BF
:40BD80004243380C814662444A445B44944503D9802040028446654403983F04834604983F0C8446E344C345804140428246100484460198674484466744A344BC46A3451C
:40BDC000A4419946D44464428742BF41D4458041E144A04699459B417F424042C8440743120CBA18A045A4415F423B0064422343D71843467D19DB0D6D021D435B465A025C
:40BE0000059B1A43531E9A415B46DB0D1A4343465B021343EA0107D501225C0813402343EA07029E13436D08574AB218002A4BDD580709D00F201840042805D0181D9842A8
:40BE40009B415B42ED180300E80104D54F4A15408022D200B2184E48824200DDE7E60124DB08680718436D02530580462D0B5B0D0C407DE6802259461203114208D01542C9
:40BE800006D115432D0398462D0B4C46414B6FE65D4615432D032D0B3E4B69E603005546283B9D400023BCE6504600F061FC2030A8E60300283B9F400023BB46984689E645
:40BEC00000F056FC203073E60124A61A382E07DD00220C4000230025904649E6029EA3E71F2E20DC20222C001800921BF040944093400443581E83411C43F540630709D098
:40BF00000F232340042B05D023001C1D9C4292415242AD182B021FD5012400220C4001230025904624E61F202C004042821AD440202E1CD04022961BB5402B43581E83419E
:40BF40000720234318400025002809D00F2200251A401C00042AD8D1230068076D022D0B0124DB08034398460C40002300E60025E3E780220124120315432D0398462D0BF0
:40BF80000C40044BF4E5C046FF030000FFFFFFFEFE070000FF070000F0B557464E464546E0B40E001100F20F9246C500420F180337037400400A4E0F7F0A3043CF4E174319
:40BFC0005A00640D520DDB0FC900B24200D1E5E001267340A61AB446534500D1AFE0002E00DC0DE1002A3AD103000B4300D0E4E06B0709D00F232B40042B05D02B1DAB421B
:40C00000AD416D427F191D003B0200D488E0BB4B01349C4200D110E13A00B94B51461A4001235007ED08520264050543120B640D0B400021280012030D0D120B64052D05AD
:40C0400015436208AF4CDB072C401443640064081C4321001CBC90469946A246F0BDA74B9C42C5D080231B0418436346382B00DDFDE01F2B00DD30E1624620239B1A0200CA
:40C080009A40664690460A009940F24046464B1E99413243114363460200DA40691A8D429B410D00BA1A5B42D71A3B0235D57A02530A98464346002B00D1C4E0404600F078
:40C0C00057FB0300083B1F2B00DDC5E020222900D21A4746D1409F400A009D403A439C4200DDC0E01C1B631C1F2B00DDE4E0202114002800C91AD8408C408D400443DA4036
:40C10000681E854117002543002471E7424663461A4300D14CE2674645466B0700D069E7012351467807ED08FA080B40054373498C4238D012036405120B640D79E7002E71
:40C1400000DC9AE0002A47D06C4A944200D14FE78022120410436246382A00DC08E10143481E81410022C9B24919D219A942BF410D007F42BF183A0200D442E15F4A0134C4
:40C18000944200D14EE101205D4A69083A4028400843D507054357089A4629E706000E4300D017E714E72900114300D1F9E1802109030A431203120B3BE701235B4298469B
:40C1C000C4446346002B72D1691A8D429B413F1A5B42FF1A0D0068E702000A4300D107E7012252429046C4446246002A00D0E6E06918A942B6413F187642F7190D00BAE74C
:40C20000002E00D080E0621C5205520D012A00DCF9E06A1A91464D45B6413A1A7642921B9046120200D499E04D1BA9428941C71B49427A1A90469A463CE7524601230025E0
:40C2400013400022F5E6280000F092FA20300300083B1F2B00DC39E72A002838824000259C4200DC3EE7264FE41A1740C0E60143481E81410022C9B210E7002E00D0F1E05F
:40C28000621C94465205520D012A00DCA0E01B4A944500D1C5E06918A94292413F185242D2194908D5070D4357086446A0E6134B9C4200D0D9E69BE611001F3CE1400C002F
:40C2C000202B00D180E04021CB1A9A4015436A1E95410027254300241FE763460200203BDA406346202B71D0402366469B1B98400143481E814111430022CFE6FF070000A4
:40C30000FFFF7FFFFFFF0F80002C48D0CA4CA24200D1A2E07442A1468024240427434C46382C00DDDBE01F2C00DD44E14E462024A41B3E00A640A246B0464C462E00E64036
:40C34000B4464646644626435446A5406C1EA54134002C434D46EF400D1B28E04A4643464D461A4300D0A5E6002300240025DEE61F2A5ADC66462022921B0600964091463F
:40C38000B04662460E00D640424616434A4691404A1E9141020060463143C240E4E63C002C435AD0F443A146002C52D14D1BA9428941C71B49427F1A14009A4675E69E4ABB
:40C3C000944200D0C7E613E600227FE700208FE7002C00D0C8E03B002B4300D10FE103000B4300D104E66918A9429B413F185B42DF193B0200D41AE1904B0D001F40644688
:40C40000F6E59A4689E63A002A43002C5CD1002A75D102000A4300D1CAE007000D009A46E6E564460022002581E662460600203AD6406246B046202A00D1B7E04022664605
:40C44000921B904001434246481E8141114300228AE6794CA24200D061E707000D0014009A46C5E5002C41D13C002C4378D0F443A146002C20D0704CA24271D04C46382CB0
:40C4800000DDB2E01F2C00DDBCE02026341BA2463C005646B4404E46A0462C00F440A446444666463443A4465446A54064466E1EB54125434C46E7406D188D4289413F1864
:40C4C0004942CF19140056E6002A2FD102000A4300D184E007000D009A46574C88E53D436F1EBD41ECB200270D1B60E7524CA24236D0744280263604A1463743BEE7020062
:40C500000A4300D174E56A1A90464545B6413A1A7642921B9446120200D4F7E54D1BA9428941C71B49427F1A9A4661E502000A433AD0ED087C072C438025FA082D032A4286
:40C5400008D0C7082F4205D145072C003A009A46C9080C43670FD200E5001743364C47E507000D00140043E53A002A4343D002000A4319D0ED087C072C438025FA082D03E6
:40C580002A4207D0C6082E4204D147073C003200C9080C43D700620FE50017439A46264C26E50022002544E5234C21E5002049E700230025BBE54C463E00203CE6404C4664
:40C5C000B446202C31D040244E46A61BB7403D436C1EA54164462C4300270D1BE7E6802200231203144C0025A1E53D436F1EBD410027EDB260E707000D000F4CF8E40700D0
:40C600000D00F5E44E463C00203EF440A0464C46202C0ED040244E46A41BA7403D436F1EBD4144460027254346E70027CFE70D0073E50027F2E7C046FF070000FFFF7FFF57
:40C6400070B50E4E0C031D0349005B00240B490D2D0B5B0DB14204D0084900208B4208D070BD04430120002CFAD1044900208B42F6D115432800451EA841F1E7FF0700002D
:40C680000B0330B5134D1A0B4B005B0DC90F0024AB4211DD104CA34210DC8024640322430E4CE41A1F2C0CDD0D48C31ADA4013005C42002900D11C00200030BD094BCC18F7
:40C6C000FAE7E040084CA44663449A4013000343EEE7C046FE0300001D0400003304000013040000FFFFFF7FEDFBFFFF70B5002830D0C317C4185C40C50F200000F038F8C1
:40C70000174B184A1B1AD21A1F2A18DD164AD21A9440002224035B05240B5B0D0021100024030A0D1205240B1443104A1B0514401C436400ED0764082C43210070BD21009B
:40C7400091400A000B21081AC4405B052403240B5B0DE3E70025002300240022DEE7C0461E0400003304000013040000FFFF0F801C2101231B04984201D3000C10391B0AA6
:40C78000984201D3000A08391B09984201D30009043902A2105C40187047C04604030202010101010000000000000000014B18687047C046500100200E4B70B500251E0079
:40C7C0000D4CE41AA410A54204D0AB00F35898470135F8E701F0A0FD084B00251E00084CE41AA410A54204D0AB00F35898470135F8E770BD24E3000024E3000024E3000078
:40C800002CE30000002310B59A4203D0CC5CC4540133F9E710BD03008218934202D019700133FAE7704700000CB430B5164B9DB00C1E1D6804DA8B2301202B6040421DE0DF
:40C84000822302A99B008B810023029008619C4200D0631E8B604B6101235B42CB81209A21AB2800019300F09DF8431C01DA8B232B60002C02D00023029A13701DB030BC9D
:40C8800008BC02B01847C046500100200EB410B59DB002A9029008610B48822488604861012040421FABC881084804CBA400006801938C8100F076F80023029A13701DB039
:40C8C00010BC08BC03B01847FFFFFF7F500100200023C25C0133002AFBD1581E70470000F0B58E6885B007000C00039201939E4243D890238A89DB001A423ED00325096965
:40C90000236801985B1A029363695D43EB0F5D19029B6D1001331B18AB4200D91D00530510D52900380000F037FB061E14D0029A2169FFF767FFA289194B13408022134365
:40C94000A38112E02A00380000F086FB061E0CD12169380000F0D4FA0C23402201203B60A38940421343A38117E0029B2661F61826606561019EED1AA560019BB34200D255
:40C980001E0032000399206800F0A5FA0020A3689B1BA36023689E19266005B0F0BDC0467FFBFFFFF0B59FB0029005938B890F0016001B0610D50B69002B0DD1402100F0BD
:40C9C000EBFA38603861002804D10C23029A01381360D8E040237B61002306AD6B6120336B761033AB7634002378002B03D1A31B049312D003E0252BF9D00134F4E7A31BAD
:40CA0000320039000298FFF76BFF431C00D1B4E06A69049B944663446B612378002B00D1ABE00122002352426A6002A95432521801342B60EB60AB601370AB65534E2178CA
:40CA40000522300000F03CFA002807D00123801B83402A68013413432B60EFE72B68DA0604D55322202102A8121811701A0704D553222B2102A81218117022782A2A03D012
:40CA8000099B00200A210EE0059A111D12680591002A01DB099204E05242EA60022213432B6001340BE02278303A092A04D84B4301349B180120F6E7002800D0099323787E
:40CAC0002E2B1ED163782A2B0AD1059B02341A1D1B680592002B01DA01235B42079310E000230A201A0001346B6021783039092904D84243013452180123F6E7002B00D0D4
:40CB00000792234E21780322300000F0D9F9002806D04023801B83402A68013413432B60217806221B48661C297600F0C9F9002812D0194B002B06D10722059B0733934394
:40CB40000833059314E005AB00933A00134B2900029800E000BF07E005AB00933A000F4B2900029800F08AF80390039B013304D06B69039A9B186B6135E7BB890B985B0631
:40CB800001D5012040421FB0F0BDC046E2E20000E8E20000ECE2000000000000E1C80000F7B5170001938A680B6900900C00934200DA130022003B6043321278002A01D0A3
:40CBC00001333B6023689B0602D53B6802333B60062523681D401ED0230043331B785A1E9341226892061CD53020E1184331087021005A1C45310978A218433202331170BC
:40CC00000FE022000123193201990098089EB047431C0ED00135E3683A689B1A9D42F0DBDAE72200019943320098089DA847431C02D10120404220E006232068E1683A6857
:40CC400003400025042B03D18D1AEB43DB171D40A3682269934201DD9B1AED180027BD420AD0220001231A3201990098089EB047431CDED00137F2E70020FEBDF0B58BB0E8
:40CC800006920A0043320793059004920A7E0C00109B6E2A00D1ABE011D8632A22D009D8002A00D1B5E0582A00D0C5E045310A70814A4FE0642A1DD0692A1BD0BCE0732A79
:40CCC00000D1AAE009D86F2A29D0702A00D0B3E0202209680A43226037E0752A1FD0782A33D0A9E00E001A684236111D196013683370A4E021681A68080606D4490604D5A8
:40CD0000111D19600023D55E02E0111D19601568002D3BDA2D23049A6D42137036E021681A68080606D4490604D51568111D1960ADB202E0111D196015685F4B227E0393F4
:40CD400008276F2A1DD00A271BE022007821453211705A4A19680392081D226818600D68100602D4500600D5ADB2D30702D520231A4322601027002D03D1202322689A439E
:40CD800022602300002243331A7002E00A274A4B03936368A360002B09DB0422216891432160002D05D1049E002B11D07BE0002D79D0049E28003900FDF798F8039B013EA7
:40CDC0005B5C280033703900FDF70AF8051EF1D1082F09D12368DB0706D563682269934202DC3023013E3370049B9B1B23612BE009681A68080607D4490605D5111D196076
:40CE00001368A28A1A8004E0111D1960136862691A600023049E236116E01A68111D1960166800216268300000F04AF8002801D0801B6060636803E02600423632700123CD
:40CE400023610023049A1370079B09AA00932100069B0598FFF7A4FE431C02D10120404227E02369320006990598079DA847431CF4D0236800259B070FD4099BE068984284
:40CE800017DA180015E022000123193206990598079EB047431CE1D00135E368099A9B1A9D42F0DBE9E72600039B42361B7833708EE70BB0F0BDC046F3E2000004E3000097
:40CEC000C9B28218904204D003788B4202D00130F8E70020704710B5884202D98B18984201D3002305E09B1A013A08D3995C8154FAE7934203D0CC5CC4540133F9E710BD74
:40CF000070B50500002944D00C1F2368002B00DAE418280000F0D8F81E4A13681100002B02D16360146031E0A3420DD92268A018834203D118685B688218226063600C607D
:40CF400024E0A24203D813005A68002AF9D11E689819A0420BD12168711858181960824214D110685268411819605A600EE0A04202D90C232B6009E021686018824203D1E7
:40CF8000106852684118216062605C60280000F09CF870BD44020020032370B5CD1C9D43083506000C2D01D20C2501E0002D01DBA94202D90C23336048E0300000F084F8DE
:40CFC000234B1C681A002100002913D00B685B1B0DD40B2B02D90B60CC181EE08C4202D1636813601AE04B6863600C0016E00C004968E9E7174C2368002B03D1300000F0E5
:40D0000051F820602900300000F04CF8431C18D00323C41C9C43A0420DD12560300000F054F8200007220B30231D9043C31A0ED05A42E2500BE0211A300000F033F8431CCD
:40D04000EBD10C233000336000F03FF8002070BD4402002040020020F8B506000C001500002904D11100FFF797FF040018E0002A03D1FFF745FF2C0012E000F027F885422F
:40D080000ED929003000FFF787FF071E07D021002A00FFF7B7FB21003000FFF731FF3C002000F8BD002370B5064C050008002360F9F7F4FF431C03D12368002B00D02B60EC
:40D0C00070BDC046700E0020704770470B1F1A68101F002A04DA891804390B68D01804387047000000000000000000000000000000000000000000000000000000000000E2
:40D1000000000000000000000000000000000000000000000000000000000000000000000000000000000000000000000000000000000000000000000000000000000000EF
:40D1400000000000000000000000000000000000000000000000000000000000000000000000000000000000000000000000000000000000000000000000000000000000AF
:40D18000000000000000000000000000000000000000000000000000000000000000000000000000000000000000000000000000000000000000000000000000000000006F
:40D1C000000000000000000000000000000000000000000000000000000000000000000000000000000000000000000000000000000000000000000000000000000000002F
:40D2000000000000000000000000000000000000000000000000000000000000000000000000000000000000000000000000000000000000000000000000000000000000EE
:40D2400000000000000000000000000000000000000000000000000000000000000000000000000000000000000000000000000000000000000000000000000000000000AE
:40D28000000000000000000000000000000000000000000000000000000000000000000000000000000000000000000000000000000000000000000000000000000000006E
:40D2C000000000000000000000000000000000000000000000000000000000000000000000000000000000000000000000000000000000000000000000000000000000002E
:40D3000000000000000000000000000000000000000000000000000000000000000000000000000000000000000000000000000000000000000000000000000000000000ED
:40D3400000000000000000000000000000000000000000000000000000000000000000000000000000000000000000000000000000000000000000000000000000000000AD
:40D38000000000000000000000000000000000000000000000000000000000000000000000000000000000000000000000000000000000000000000000000000000000006D
:40D3C000000000000000000000000000000000000000000000000000000000000000000000000000000000000000000000000000000000000000000000000000000000002D
:40D4000000000000000000000000000000000000000000000000000000000000000000000000000000000000000000000000000000000000000000000000000000000000EC
:40D4400000000000000000000000000000000000000000000000000000000000000000000000000000000000000000000000000000000000000000000000000000000000AC
:40D48000000000000000000000000000000000000000000000000000000000000000000000000000000000000000000000000000000000000000000000000000000000006C
:40D4C000000000000000000000000000000000000000000000000000000000000000000000000000000000000000000000000000000000000000000000000000000000002C
:40D5000000000000000000000000000000000000000000000000000000000000000000000000000000000000000000000000000000000000000000000000000000000000EB
:40D5400000000000000000000000000000000000000000000000000000000000000000000000000000000000000000000000000000000000000000000000000000000000AB
:40D58000000000000000000000000000000000000000000000000000000000000000000000000000000000000000000000000000000000000000000000000000000000006B
:40D5C000000000000000000000000000000000000000000000000000000000000000000000000000000000000000000000000000000000000000000000000000000000002B
:40D6000000000000000000000000000000000000000000000000000000000000000000000000000000000000000000000000000000000000000000000000000000000000EA
:40D6400000000000000000000000000000000000000000000000000000000000000000000000000000000000000000000000000000000000000000000000000000000000AA
:40D68000000000000000000000000000000000000000000000000000000000000000000000000000000000000000000000000000000000000000000000000000000000006A
:40D6C000000000000000000000000000000000000000000000000000000000000000000000000000000000000000000000000000000000000000000000000000000000002A
:40D7000000000000000000000000000000000000000000000000000000000000000000000000000000000000000000000000000000000000000000000000000000000000E9
:40D7400000000000000000000000000000000000000000000000000000000000000000000000000000000000000000000000000000000000000000000000000000000000A9
:40D780000000000000000000000000000000000000000000000000000000000000000000000000000000000000000000000000000000000000000000000000000000000069
:40D7C0000000000000000000000000000000000000000000000000000000000000000000000000000000000000000000000000000000000000000000000000000000000029
:40D8000000000000000000000000000000000000000000000000000000000000000000000000000000000000000000000000000000000000000000000000000000000000E8
:40D8400000000000000000000000000000000000000000000000000000000000000000000000000000000000000000000000000000000000000000000000000000000000A8
:40D880000000000000000000000000000000000000000000000000000000000000000000000000000000000000000000000000000000000000000000000000000000000068
:40D8C0000000000000000000000000000000000000000000000000000000000000000000000000000000000000000000000000000000000000000000000000000000000028
:40D90000BE2B00006E2B0000762B00007E2B0000862B00008E2B00008E2B0000BE2B0000BE2B0000BE2B0000BE2B0000BE2B0000BE2B0000BE2B0000BE2B00008E2B0000F7
:40D940008E2B000056312E302E3000007454696C6500000025732E7478743D22257322007433000025732E7478743D2225642D25642025732200000025732E7478743D22A0
:40D9800025642E25642D25642E256420257322007434000025732E7478743D22256420257322000025732E7478743D2225642E2564202573220000007431300025732E74A2
:40D9C00078743D222022000025732E7478743D222E220000746E3500746E3400746E330025732E7478743D2225642200746E3200746E3100746E3000746E25642E62636F4D
:40DA00003D36353533350000746E25642E62636F3D36343532300000745469746C6500007452616E6765000025732E7478743D2225642D25642200007456616C7565000068
:40DA4000744564697400000074720000257325642E7478743D2225642E2564220000000074730000257325642E7069633D25640074666C0025732E7478743D2225642E2577
:40DA80006422000074636F310000000074636F320000000074636F3300000000746D000002000000BCDB000002000000ACDB000038DC00000200000000000000000000005F
:40DAC00009000000000000000300000044DC000005000000D94300002144000000000000514400000600000054DC000005000000D53C0000E53F0000000000002D41000001
:40DB0000040000005CDC000005000000553D00001940000000000000954100000400000064DC000005000000D53D00004D40000000000000FD410000040000006CDC000071
:40DB400005000000553E00008140000000000000654200000400000074DC000005000000D53E0000B540000000000000CD420000040000007CDC0000050000005D3F000038
:40DB8000F1400000000000003D4300000400000084DC000005000000AD4300000944000000000000394400000600000030DC00000000000094DC00000100000098DC00009A
:40DBC000000000009CDC0000010000007363636D000000004D4643312056414C554500004D4643322056414C554500004D4643332056414C554500004D4643342056414C0A
:40DC0000554500004D4643352056414C554500004D4643362056414C554500004D4F44455F434F4E54524F4C0000000052554E2D53544F5000000000204D4643204D4F44F6
:40DC400045200000312E52756E204F522053746F70000000322E4D4643203100332E4D4643203200342E4D4643203300352E4D4643203400362E4D4643203500372E4D4675
:40DC800043203600382E4D6F646520636F6E74726F6C000052554E004D464300434F4E430000000070DD000002000000000000000000000006000000000000000300000079
:40DCC0007CDD000005000000D9430000214400000000000051440000060000008CDD000005000000694400004948000000000000E54800000400000094DD00000500000057
:40DD0000B14500007D480000000000001D4A0000040000009CDD000005000000FD460000B148000000000000594B000004000000A4DD000005000000AD4300000944000098
:40DD4000000000003944000006000000474153312056414C55450000474153322056414C55450000474153332056414C5545000020434F4E43204D4F44452000312E527554
:40DD80006E204F722053746F70000000322E476173203100332E476173203200342E476173203300352E4D6F646520636F6E74726F6C000098DF0000020000000000000062
:40DDC000000000000D0000000000000003000000A8DF000005000000954C0000BD500000000000001553000004000000B8DF000005000000F14C0000F15000000000000013
:40DE00005953000004000000C0DF000005000000414D00001D510000000000009553000004000000C8DF000005000000914D00004951000000000000D1530000040000005A
:40DE4000D0DF000005000000E14D000075510000000000000D54000004000000E0DF0000050000003D4E0000A9510000000000005154000004000000F0DF000005000000CF
:40DE8000994E0000DD51000000000000955400000400000000E0000005000000F54E00001152000000000000D95400000400000010E0000005000000514F00004552000078
:40DEC000000000001D5500000400000020E0000005000000AD4F00007952000000000000615500000400000030E000000500000009500000AD52000000000000A5550000BF
:40DF0000040000003CE000000500000061500000E152000000000000E555000004000000544F54414C20464C4F57000070706D00434F3100434F3200434F33004D4643311E
:40DF40002052616E676500004D4643322052616E676500004D4643332052616E676500004D4643342052616E676500004D4643352052616E676500004D4643362052616EED
:40DF800067650000250000004C204C696D69740055204C696D69740020434F4D4D4F4E205345545550200000312E546F74616C20666C6F7700000000322E434F3100000079
:40DFC000332E434F32000000342E434F33000000352E4D4643312052616E676500000000362E4D4643322052616E676500000000372E4D4643332052616E6765000000006A
:40E00000382E4D4643342052616E676500000000392E4D4643352052616E67650000000031302E4D4643362052616E676500000031312E4C204C696D6974000031322E555B
:40E04000204C696D69740000C4580000C6570000C6570000FA5700002458000072580000706D25642E7069633D313100746D25642E7478743D22202200000000746D256422
:40E080002E7478743D22257322000000706D25642E7069633D38000064696D0025733D25640000007061676500000000257320706167652564000000746800002573256464
:40E0C0002E7478743D2225642E2564256425642200000000624D00007456616E000000004F4E000025732E62636F3D25640000004F46460062300000434F4E4E454354455E
:40E1000044000000444953434F4E4E454354454400000000257325642E62636F3D2564004E5F0000625F0000745F00007E5F0000745F00007E5F00009C5F0000AC5F00000B
:40E14000BE5F0000C85F0000F05F0000FA5F00001E600000286000006765742064700000626175643D393630300000000004000000040000000400000004000000040000BD
:40E18000000400000504030201000000706F7700000000000000304300000000000030C33EA3000062A2000020A30000F8A2000020A30000ECA2000020A30000F8A20000A0
:40E1C00062A2000062A20000ECA20000F8A20000A4A30000A4A30000A4A3000026A3000062A2000062A200000CA30000F6A200000CA30000ECA200000CA30000F6A200007E
:40E2000062A2000062A20000ECA20000F6A20000A4A30000A4A30000A4A30000B0A300009CA60000FAA50000FAA50000F8A500008EA600008EA6000084A60000F8A500003C
:40E240008EA6000084A600008EA60000F8A5000094A6000094A6000094A600001EA700004CB400001AB3000020B4000010B3000020B400002AB4000020B4000010B300004F
:40E280001AB300001AB300002AB4000010B3000006B3000006B3000006B300007CB6000094BC000054BB000054BB000052BB00006CBC00006CBC00005EBC000052BB0000D4
:40E2C0006CBC00005EBC00006CBC000052BB000074BC000074BC000074BC000074BE00004300232D302B2000686C4C006566674546470030313233343536373839414243E0
:40E30000444546003031323334353637383961626364656600000000F8B5C046F8BC08BC9E467047011C000015710000F8B5C046F8BC08BC9E467047D91B000050E3000056
:40E34000B8000020A0000000200D0000000000000000000001060000E13B0000FFFFFFFFFFFFFFFFFFFFFFFF780E0020010000000000C05D80BB000030000000006CDC0268
:40E3800004040400010000000000000000000000000000000000000000000000000000000000000000000000E0E2000000000000000000000000000000000000000000008E
:40E3C00000000000000000000000000000000000000000000000000000000000000000000000000000000000F000002000000000000000000000000000000000000000000D
:40E4000000000000000000000000000000000000000000000000000000000000000000000000000000000000000000000000000000000000000000000000000000000000DC
:40E44000000000000000000000000000000000000000000000000000000000000000000000000000000000000000000000000000000000000000000000000000000000009C
:40E48000000000000000000000000000000000000000000000000000000000000000000000000000000000000000000000000000000000000000000000000000000000005C
:40E4C000000000000000000000000000000000000000000000000000000000000000000000000000000000000000000000000000000000000000000000000000000000001C
:40E5000000000000000000000000000000000000000000000000000000000000000000000000000000000000000000000000000000000000000000000000000000000000DB
:40E54000000000000000000000000000000000000000000000000000000000000000000000000000000000000000000000000000000000000000000000000000000000009B
:40E58000000000000000000000000000000000000000000000000000000000000000000000000000000000000000000000000000000000000000000000000000000000005B
:40E5C000000000000000000000000000000000000000000000000000000000000000000000000000000000000000000000000000000000000000000000000000000000001B
:40E6000000000000000000000000000000000000000000000000000000000000000000000000000000000000000000000000000000000000000000000000000000000000DA
:40E64000000000000000000000000000000000000000000000000000000000000000000000000000000000000000000000000000000000000000000000000000000000009A
:40E68000000000000000000000000000000000000000000000000000000000000000000000000000000000000000000000000000000000000000000000000000000000005A
:40E6C000000000000000000000000000000000000000000000000000000000000000000000000000000000000000000000000000000000000000000000000000000000001A
:40E7000000000000000000000000000000000000000000000000000000000000000000000000000000000000000000000000000000000000000000000000000000000000D9
:40E740000000000000000000000000000000000000000000000000000000000000000000000000000000000000000000000000000000000000000000000000000000000099
:40E780000000000000000000000000000000000000000000000000000000000000000000000000000000000000000000000000000000000000000000000000000000000059
:40E7C0000000000000000000000000000000000000000000000000000000000000000000000000000000000000000000000000000000000000000000000000000000000019
:40E8000000000000000000000000000000000000000000000000000000000000000000000000000000000000000000000000000000000000000000000000000000000000D8
:40E840000000000000000000000000000000000000000000000000000000000000000000000000000000000000000000000000000000000000000000000000000000000098
:40E880000000000000000000000000000000000000000000000000000000000000000000000000000000000000000000000000000000000000000000000000000000000058
:40E8C0000000000000000000000000000000000000000000000000000000000000000000000000000000000000000000000000000000000000000000000000000000000018
:40E9000000000000000000000000000000000000000000000000000000000000000000000000000000000000000000000000000000000000000000000000000000000000D7
:40E940000000000000000000000000000000000000000000000000000000000000000000000000000000000000000000000000000000000000000000000000000000000097
:40E980000000000000000000000000000000000000000000000000000000000000000000000000000000000000000000000000000000000000000000000000000000000057
:40E9C0000000000000000000000000000000000000000000000000000000000000000000000000000000000000000000000000000000000000000000000000000000000017
:40EA000000000000000000000000000000000000000000000000000000000000000000000000000000000000000000000000000000000000000000000000000000000000D6
:40EA40000000000000000000000000000000000000000000000000000000000000000000000000000000000000000000000000000000000000000000000000000000000096
:40EA80000000000000000000000000000000000000000000000000000000000000000000000000000000000000000000000000000000000000000000000000000000000056
:40EAC0000000000000000000000000000000000000000000000000000000000000000000000000000000000000000000000000000000000000000000000000000000000016
:40EB000000000000000000000000000000000000000000000000000000000000000000000000000000000000000000000000000000000000000000000000000000000000D5
:40EB40000000000000000000000000000000000000000000000000000000000000000000000000000000000000000000000000000000000000000000000000000000000095
:40EB80000000000000000000000000000000000000000000000000000000000000000000000000000000000000000000000000000000000000000000000000000000000055
:40EBC0000000000000000000000000000000000000000000000000000000000000000000000000000000000000000000000000000000000000000000000000000000000015
:40EC000000000000000000000000000000000000000000000000000000000000000000000000000000000000000000000000000000000000000000000000000000000000D4
:40EC40000000000000000000000000000000000000000000000000000000000000000000000000000000000000000000000000000000000000000000000000000000000094
:40EC80000000000000000000000000000000000000000000000000000000000000000000000000000000000000000000000000000000000000000000000000000000000054
:40ECC0000000000000000000000000000000000000000000000000000000000000000000000000000000000000000000000000000000000000000000000000000000000014
:40ED000000000000000000000000000000000000000000000000000000000000000000000000000000000000000000000000000000000000000000000000000000000000D3
:40ED40000000000000000000000000000000000000000000000000000000000000000000000000000000000000000000000000000000000000000000000000000000000093
:40ED80000000000000000000000000000000000000000000000000000000000000000000000000000000000000000000000000000000000000000000000000000000000053
:40EDC0000000000000000000000000000000000000000000000000000000000000000000000000000000000000000000000000000000000000000000000000000000000013
:40EE000000000000000000000000000000000000000000000000000000000000000000000000000000000000000000000000000000000000000000000000000000000000D2
:40EE40000000000000000000000000000000000000000000000000000000000000000000000000000000000000000000000000000000000000000000000000000000000092
:40EE80000000000000000000000000000000000000000000000000000000000000000000000000000000000000000000000000000000000000000000000000000000000052
:40EEC0000000000000000000000000000000000000000000000000000000000000000000000000000000000000000000000000000000000000000000000000000000000012
:40EF000000000000000000000000000000000000000000000000000000000000000000000000000000000000000000000000000000000000000000000000000000000000D1
:40EF40000000000000000000000000000000000000000000000000000000000000000000000000000000000000000000000000000000000000000000000000000000000091
:40EF80000000000000000000000000000000000000000000000000000000000000000000000000000000000000000000000000000000000000000000000000000000000051
:40EFC0000000000000000000000000000000000000000000000000000000000000000000000000000000000000000000000000000000000000000000000000000000000011
:40F0000000000000000000000000000000000000000000000000000000000000000000000000000000000000000000000000000000000000000000000000000000000000D0
:40F040000000000000000000000000000000000000000000000000000000000000000000000000000000000000000000000000000000000000000000000000000000000090
:40F080000000000000000000000000000000000000000000000000000000000000000000000000000000000000000000000000000000000000000000000000000000000050
:40F0C0000000000000000000000000000000000000000000000000000000000000000000000000000000000000000000000000000000000000000000000000000000000010
:40F1000000000000000000000000000000000000000000000000000000000000000000000000000000000000000000000000000000000000000000000000000000000000CF
:40F14000000000000000000000000000000000000000000000000000000000000000000000000000000000000000000000000000000000000000000000000000000000008F
:40F18000000000000000000000000000000000000000000000000000000000000000000000000000000000000000000000000000000000000000000000000000000000004F
:40F1C000000000000000000000000000000000000000000000000000000000000000000000000000000000000000000000000000000000000000000000000000000000000F
:40F2000000000000000000000000000000000000000000000000000000000000000000000000000000000000000000000000000000000000000000000000000000000000CE
:40F24000000000000000000000000000000000000000000000000000000000000000000000000000000000000000000000000000000000000000000000000000000000008E
:40F28000000000000000000000000000000000000000000000000000000000000000000000000000000000000000000000000000000000000000000000000000000000004E
:40F2C000000000000000000000000000000000000000000000000000000000000000000000000000000000000000000000000000000000000000000000000000000000000E
:40F3000000000000000000000000000000000000000000000000000000000000000000000000000000000000000000000000000000000000000000000000000000000000CD
:40F34000000000000000000000000000000000000000000000000000000000000000000000000000000000000000000000000000000000000000000000000000000000008D
:40F38000000000000000000000000000000000000000000000000000000000000000000000000000000000000000000000000000000000000000000000000000000000004D
:40F3C000000000000000000000000000000000000000000000000000000000000000000000000000000000000000000000000000000000000000000000000000000000000D
:40F4000000000000000000000000000000000000000000000000000000000000000000000000000000000000000000000000000000000000000000000000000000000000CC
:40F44000000000000000000000000000000000000000000000000000000000000000000000000000000000000000000000000000000000000000000000000000000000008C
:40F48000000000000000000000000000000000000000000000000000000000000000000000000000000000000000000000000000000000000000000000000000000000004C
:40F4C000000000000000000000000000000000000000000000000000000000000000000000000000000000000000000000000000000000000000000000000000000000000C
:40F5000000000000000000000000000000000000000000000000000000000000000000000000000000000000000000000000000000000000000000000000000000000000CB
:40F54000000000000000000000000000000000000000000000000000000000000000000000000000000000000000000000000000000000000000000000000000000000008B
:40F58000000000000000000000000000000000000000000000000000000000000000000000000000000000000000000000000000000000000000000000000000000000004B
:40F5C000000000000000000000000000000000000000000000000000000000000000000000000000000000000000000000000000000000000000000000000000000000000B
:40F6000000000000000000000000000000000000000000000000000000000000000000000000000000000000000000000000000000000000000000000000000000000000CA
:40F64000000000000000000000000000000000000000000000000000000000000000000000000000000000000000000000000000000000000000000000000000000000008A
:40F68000000000000000000000000000000000000000000000000000000000000000000000000000000000000000000000000000000000000000000000000000000000004A
:40F6C000000000000000000000000000000000000000000000000000000000000000000000000000000000000000000000000000000000000000000000000000000000000A
:40F7000000000000000000000000000000000000000000000000000000000000000000000000000000000000000000000000000000000000000000000000000000000000C9
:40F740000000000000000000000000000000000000000000000000000000000000000000000000000000000000000000000000000000000000000000000000000000000089
:40F780000000000000000000000000000000000000000000000000000000000000000000000000000000000000000000000000000000000000000000000000000000000049
:40F7C0000000000000000000000000000000000000000000000000000000000000000000000000000000000000000000000000000000000000000000000000000000000009
:40F8000000000000000000000000000000000000000000000000000000000000000000000000000000000000000000000000000000000000000000000000000000000000C8
:40F840000000000000000000000000000000000000000000000000000000000000000000000000000000000000000000000000000000000000000000000000000000000088
:40F880000000000000000000000000000000000000000000000000000000000000000000000000000000000000000000000000000000000000000000000000000000000048
:40F8C0000000000000000000000000000000000000000000000000000000000000000000000000000000000000000000000000000000000000000000000000000000000008
:40F9000000000000000000000000000000000000000000000000000000000000000000000000000000000000000000000000000000000000000000000000000000000000C7
:40F940000000000000000000000000000000000000000000000000000000000000000000000000000000000000000000000000000000000000000000000000000000000087
:40F980000000000000000000000000000000000000000000000000000000000000000000000000000000000000000000000000000000000000000000000000000000000047
:40F9C0000000000000000000000000000000000000000000000000000000000000000000000000000000000000000000000000000000000000000000000000000000000007
:40FA000000000000000000000000000000000000000000000000000000000000000000000000000000000000000000000000000000000000000000000000000000000000C6
:40FA40000000000000000000000000000000000000000000000000000000000000000000000000000000000000000000000000000000000000000000000000000000000086
:40FA80000000000000000000000000000000000000000000000000000000000000000000000000000000000000000000000000000000000000000000000000000000000046
:40FAC0000000000000000000000000000000000000000000000000000000000000000000000000000000000000000000000000000000000000000000000000000000000006
:40FB000000000000000000000000000000000000000000000000000000000000000000000000000000000000000000000000000000000000000000000000000000000000C5
:40FB40000000000000000000000000000000000000000000000000000000000000000000000000000000000000000000000000000000000000000000000000000000000085
:40FB80000000000000000000000000000000000000000000000000000000000000000000000000000000000000000000000000000000000000000000000000000000000045
:40FBC0000000000000000000000000000000000000000000000000000000000000000000000000000000000000000000000000000000000000000000000000000000000005
:40FC000000000000000000000000000000000000000000000000000000000000000000000000000000000000000000000000000000000000000000000000000000000000C4
:40FC40000000000000000000000000000000000000000000000000000000000000000000000000000000000000000000000000000000000000000000000000000000000084
:40FC80000000000000000000000000000000000000000000000000000000000000000000000000000000000000000000000000000000000000000000000000000000000044
:40FCC0000000000000000000000000000000000000000000000000000000000000000000000000000000000000000000000000000000000000000000000000000000000004
:40FD000000000000000000000000000000000000000000000000000000000000000000000000000000000000000000000000000000000000000000000000000000000000C3
:40FD40000000000000000000000000000000000000000000000000000000000000000000000000000000000000000000000000000000000000000000000000000000000083
:40FD80000000000000000000000000000000000000000000000000000000000000000000000000000000000000000000000000000000000000000000000000000000000043
:40FDC0000000000000000000000000000000000000000000000000000000000000000000000000000000000000000000000000000000000000000000000000000000000003
:40FE000000000000000000000000000000000000000000000000000000000000000000000000000000000000000000000000000000000000000000000000000000000000C2
:40FE40000000000000000000000000000000000000000000000000000000000000000000000000000000000000000000000000000000000000000000000000000000000082
:40FE80000000000000000000000000000000000000000000000000000000000000000000000000000000000000000000000000000000000000000000000000000000000042
:40FEC0000000000000000000000000000000000000000000000000000000000000000000000000000000000000000000000000000000000000000000000000000000000002
:40FF000000000000000000000000000000000000000000000000000000000000000000000000000000000000000000000000000000000000000000000000000000000000C1
:40FF40000000000000000000000000000000000000000000000000000000000000000000000000000000000000000000000000000000000000000000000000000000000081
:40FF80000000000000000000000000000000000000000000000000000000000000000000000000000000000000000000000000000000000000000000000000000000000041
:40FFC0000000000000000000000000000000000000000000000000000000000000000000000000000000000000000000000000000000000000000000000000000000000001
:020000040001F9
:4000000000000000000000000000000000000000000000000000000000000000000000000000000000000000000000000000000000000000000000000000000000000000C0
:400040000000000000000000000000000000000000000000000000000000000000000000000000000000000000000000000000000000000000000000000000000000000080
:400080000000000000000000000000000000000000000000000000000000000000000000000000000000000000000000000000000000000000000000000000000000000040
:4000C0000000000000000000000000000000000000000000000000000000000000000000000000000000000000000000000000000000000000000000000000000000000000
:4001000000000000000000000000000000000000000000000000000000000000000000000000000000000000000000000000000000000000000000000000000000000000BF
:40014000000000000000000000000000000000000000000000000000000000000000000000000000000000000000000000000000000000000000000000000000000000007F
:40018000000000000000000000000000000000000000000000000000000000000000000000000000000000000000000000000000000000000000000000000000000000003F
:4001C00000000000000000000000000000000000000000000000000000000000000000000000000000000000000000000000000000000000000000000000000000000000FF
:4002000000000000000000000000000000000000000000000000000000000000000000000000000000000000000000000000000000000000000000000000000000000000BE
:40024000000000000000000000000000000000000000000000000000000000000000000000000000000000000000000000000000000000000000000000000000000000007E
:40028000000000000000000000000000000000000000000000000000000000000000000000000000000000000000000000000000000000000000000000000000000000003E
:4002C00000000000000000000000000000000000000000000000000000000000000000000000000000000000000000000000000000000000000000000000000000000000FE
:4003000000000000000000000000000000000000000000000000000000000000000000000000000000000000000000000000000000000000000000000000000000000000BD
:40034000000000000000000000000000000000000000000000000000000000000000000000000000000000000000000000000000000000000000000000000000000000007D
:40038000000000000000000000000000000000000000000000000000000000000000000000000000000000000000000000000000000000000000000000000000000000003D
:4003C00000000000000000000000000000000000000000000000000000000000000000000000000000000000000000000000000000000000000000000000000000000000FD
:4004000000000000000000000000000000000000000000000000000000000000000000000000000000000000000000000000000000000000000000000000000000000000BC
:40044000000000000000000000000000000000000000000000000000000000000000000000000000000000000000000000000000000000000000000000000000000000007C
:40048000000000000000000000000000000000000000000000000000000000000000000000000000000000000000000000000000000000000000000000000000000000003C
:4004C00000000000000000000000000000000000000000000000000000000000000000000000000000000000000000000000000000000000000000000000000000000000FC
:4005000000000000000000000000000000000000000000000000000000000000000000000000000000000000000000000000000000000000000000000000000000000000BB
:40054000000000000000000000000000000000000000000000000000000000000000000000000000000000000000000000000000000000000000000000000000000000007B
:40058000000000000000000000000000000000000000000000000000000000000000000000000000000000000000000000000000000000000000000000000000000000003B
:4005C00000000000000000000000000000000000000000000000000000000000000000000000000000000000000000000000000000000000000000000000000000000000FB
:4006000000000000000000000000000000000000000000000000000000000000000000000000000000000000000000000000000000000000000000000000000000000000BA
:40064000000000000000000000000000000000000000000000000000000000000000000000000000000000000000000000000000000000000000000000000000000000007A
:40068000000000000000000000000000000000000000000000000000000000000000000000000000000000000000000000000000000000000000000000000000000000003A
:4006C00000000000000000000000000000000000000000000000000000000000000000000000000000000000000000000000000000000000000000000000000000000000FA
:4007000000000000000000000000000000000000000000000000000000000000000000000000000000000000000000000000000000000000000000000000000000000000B9
:400740000000000000000000000000000000000000000000000000000000000000000000000000000000000000000000000000000000000000000000000000000000000079
:400780000000000000000000000000000000000000000000000000000000000000000000000000000000000000000000000000000000000000000000000000000000000039
:4007C00000000000000000000000000000000000000000000000000000000000000000000000000000000000000000000000000000000000000000000000000000000000F9
:4008000000000000000000000000000000000000000000000000000000000000000000000000000000000000000000000000000000000000000000000000000000000000B8
:400840000000000000000000000000000000000000000000000000000000000000000000000000000000000000000000000000000000000000000000000000000000000078
:400880000000000000000000000000000000000000000000000000000000000000000000000000000000000000000000000000000000000000000000000000000000000038
:4008C00000000000000000000000000000000000000000000000000000000000000000000000000000000000000000000000000000000000000000000000000000000000F8
:4009000000000000000000000000000000000000000000000000000000000000000000000000000000000000000000000000000000000000000000000000000000000000B7
:400940000000000000000000000000000000000000000000000000000000000000000000000000000000000000000000000000000000000000000000000000000000000077
:400980000000000000000000000000000000000000000000000000000000000000000000000000000000000000000000000000000000000000000000000000000000000037
:4009C00000000000000000000000000000000000000000000000000000000000000000000000000000000000000000000000000000000000000000000000000000000000F7
:400A000000000000000000000000000000000000000000000000000000000000000000000000000000000000000000000000000000000000000000000000000000000000B6
:400A40000000000000000000000000000000000000000000000000000000000000000000000000000000000000000000000000000000000000000000000000000000000076
:400A80000000000000000000000000000000000000000000000000000000000000000000000000000000000000000000000000000000000000000000000000000000000036
:400AC00000000000000000000000000000000000000000000000000000000000000000000000000000000000000000000000000000000000000000000000000000000000F6
:400B000000000000000000000000000000000000000000000000000000000000000000000000000000000000000000000000000000000000000000000000000000000000B5
:400B40000000000000000000000000000000000000000000000000000000000000000000000000000000000000000000000000000000000000000000000000000000000075
:400B80000000000000000000000000000000000000000000000000000000000000000000000000000000000000000000000000000000000000000000000000000000000035
:400BC00000000000000000000000000000000000000000000000000000000000000000000000000000000000000000000000000000000000000000000000000000000000F5
:400C000000000000000000000000000000000000000000000000000000000000000000000000000000000000000000000000000000000000000000000000000000000000B4
:400C40000000000000000000000000000000000000000000000000000000000000000000000000000000000000000000000000000000000000000000000000000000000074
:400C80000000000000000000000000000000000000000000000000000000000000000000000000000000000000000000000000000000000000000000000000000000000034
:400CC00000000000000000000000000000000000000000000000000000000000000000000000000000000000000000000000000000000000000000000000000000000000F4
:400D000000000000000000000000000000000000000000000000000000000000000000000000000000000000000000000000000000000000000000000000000000000000B3
:400D40000000000000000000000000000000000000000000000000000000000000000000000000000000000000000000000000000000000000000000000000000000000073
:400D80000000000000000000000000000000000000000000000000000000000000000000000000000000000000000000000000000000000000000000000000000000000033
:400DC00000000000000000000000000000000000000000000000000000000000000000000000000000000000000000000000000000000000000000000000000000000000F3
:400E000000000000000000000000000000000000000000000000000000000000000000000000000000000000000000000000000000000000000000000000000000000000B2
:400E40000000000000000000000000000000000000000000000000000000000000000000000000000000000000000000000000000000000000000000000000000000000072
:400E80000000000000000000000000000000000000000000000000000000000000000000000000000000000000000000000000000000000000000000000000000000000032
:400EC00000000000000000000000000000000000000000000000000000000000000000000000000000000000000000000000000000000000000000000000000000000000F2
:400F000000000000000000000000000000000000000000000000000000000000000000000000000000000000000000000000000000000000000000000000000000000000B1
:400F40000000000000000000000000000000000000000000000000000000000000000000000000000000000000000000000000000000000000000000000000000000000071
:400F80000000000000000000000000000000000000000000000000000000000000000000000000000000000000000000000000000000000000000000000000000000000031
:400FC00000000000000000000000000000000000000000000000000000000000000000000000000000000000000000000000000000000000000000000000000000000000F1
:4010000000000000000000000000000000000000000000000000000000000000000000000000000000000000000000000000000000000000000000000000000000000000B0
:401040000000000000000000000000000000000000000000000000000000000000000000000000000000000000000000000000000000000000000000000000000000000070
:401080000000000000000000000000000000000000000000000000000000000000000000000000000000000000000000000000000000000000000000000000000000000030
:4010C00000000000000000000000000000000000000000000000000000000000000000000000000000000000000000000000000000000000000000000000000000000000F0
:4011000000000000000000000000000000000000000000000000000000000000000000000000000000000000000000000000000000000000000000000000000000000000AF
:40114000000000000000000000000000000000000000000000000000000000000000000000000000000000000000000000000000000000000000000000000000000000006F
:40118000000000000000000000000000000000000000000000000000000000000000000000000000000000000000000000000000000000000000000000000000000000002F
:4011C00000000000000000000000000000000000000000000000000000000000000000000000000000000000000000000000000000000000000000000000000000000000EF
:4012000000000000000000000000000000000000000000000000000000000000000000000000000000000000000000000000000000000000000000000000000000000000AE
:40124000000000000000000000000000000000000000000000000000000000000000000000000000000000000000000000000000000000000000000000000000000000006E
:40128000000000000000000000000000000000000000000000000000000000000000000000000000000000000000000000000000000000000000000000000000000000002E
:4012C00000000000000000000000000000000000000000000000000000000000000000000000000000000000000000000000000000000000000000000000000000000000EE
:4013000000000000000000000000000000000000000000000000000000000000000000000000000000000000000000000000000000000000000000000000000000000000AD
:40134000000000000000000000000000000000000000000000000000000000000000000000000000000000000000000000000000000000000000000000000000000000006D
:40138000000000000000000000000000000000000000000000000000000000000000000000000000000000000000000000000000000000000000000000000000000000002D
:4013C00000000000000000000000000000000000000000000000000000000000000000000000000000000000000000000000000000000000000000000000000000000000ED
:4014000000000000000000000000000000000000000000000000000000000000000000000000000000000000000000000000000000000000000000000000000000000000AC
:40144000000000000000000000000000000000000000000000000000000000000000000000000000000000000000000000000000000000000000000000000000000000006C
:40148000000000000000000000000000000000000000000000000000000000000000000000000000000000000000000000000000000000000000000000000000000000002C
:4014C00000000000000000000000000000000000000000000000000000000000000000000000000000000000000000000000000000000000000000000000000000000000EC
:4015000000000000000000000000000000000000000000000000000000000000000000000000000000000000000000000000000000000000000000000000000000000000AB
:40154000000000000000000000000000000000000000000000000000000000000000000000000000000000000000000000000000000000000000000000000000000000006B
:40158000000000000000000000000000000000000000000000000000000000000000000000000000000000000000000000000000000000000000000000000000000000002B
:4015C00000000000000000000000000000000000000000000000000000000000000000000000000000000000000000000000000000000000000000000000000000000000EB
:4016000000000000000000000000000000000000000000000000000000000000000000000000000000000000000000000000000000000000000000000000000000000000AA
:40164000000000000000000000000000000000000000000000000000000000000000000000000000000000000000000000000000000000000000000000000000000000006A
:40168000000000000000000000000000000000000000000000000000000000000000000000000000000000000000000000000000000000000000000000000000000000002A
:4016C00000000000000000000000000000000000000000000000000000000000000000000000000000000000000000000000000000000000000000000000000000000000EA
:4017000000000000000000000000000000000000000000000000000000000000000000000000000000000000000000000000000000000000000000000000000000000000A9
:401740000000000000000000000000000000000000000000000000000000000000000000000000000000000000000000000000000000000000000000000000000000000069
:401780000000000000000000000000000000000000000000000000000000000000000000000000000000000000000000000000000000000000000000000000000000000029
:4017C00000000000000000000000000000000000000000000000000000000000000000000000000000000000000000000000000000000000000000000000000000000000E9
:4018000000000000000000000000000000000000000000000000000000000000000000000000000000000000000000000000000000000000000000000000000000000000A8
:401840000000000000000000000000000000000000000000000000000000000000000000000000000000000000000000000000000000000000000000000000000000000068
:401880000000000000000000000000000000000000000000000000000000000000000000000000000000000000000000000000000000000000000000000000000000000028
:4018C00000000000000000000000000000000000000000000000000000000000000000000000000000000000000000000000000000000000000000000000000000000000E8
:4019000000000000000000000000000000000000000000000000000000000000000000000000000000000000000000000000000000000000000000000000000000000000A7
:401940000000000000000000000000000000000000000000000000000000000000000000000000000000000000000000000000000000000000000000000000000000000067
:401980000000000000000000000000000000000000000000000000000000000000000000000000000000000000000000000000000000000000000000000000000000000027
:4019C00000000000000000000000000000000000000000000000000000000000000000000000000000000000000000000000000000000000000000000000000000000000E7
:401A000000000000000000000000000000000000000000000000000000000000000000000000000000000000000000000000000000000000000000000000000000000000A6
:401A40000000000000000000000000000000000000000000000000000000000000000000000000000000000000000000000000000000000000000000000000000000000066
:401A80000000000000000000000000000000000000000000000000000000000000000000000000000000000000000000000000000000000000000000000000000000000026
:401AC00000000000000000000000000000000000000000000000000000000000000000000000000000000000000000000000000000000000000000000000000000000000E6
:401B000000000000000000000000000000000000000000000000000000000000000000000000000000000000000000000000000000000000000000000000000000000000A5
:401B40000000000000000000000000000000000000000000000000000000000000000000000000000000000000000000000000000000000000000000000000000000000065
:401B80000000000000000000000000000000000000000000000000000000000000000000000000000000000000000000000000000000000000000000000000000000000025
:401BC00000000000000000000000000000000000000000000000000000000000000000000000000000000000000000000000000000000000000000000000000000000000E5
:401C000000000000000000000000000000000000000000000000000000000000000000000000000000000000000000000000000000000000000000000000000000000000A4
:401C40000000000000000000000000000000000000000000000000000000000000000000000000000000000000000000000000000000000000000000000000000000000064
:401C80000000000000000000000000000000000000000000000000000000000000000000000000000000000000000000000000000000000000000000000000000000000024
:401CC00000000000000000000000000000000000000000000000000000000000000000000000000000000000000000000000000000000000000000000000000000000000E4
:401D000000000000000000000000000000000000000000000000000000000000000000000000000000000000000000000000000000000000000000000000000000000000A3
:401D40000000000000000000000000000000000000000000000000000000000000000000000000000000000000000000000000000000000000000000000000000000000063
:401D80000000000000000000000000000000000000000000000000000000000000000000000000000000000000000000000000000000000000000000000000000000000023
:401DC00000000000000000000000000000000000000000000000000000000000000000000000000000000000000000000000000000000000000000000000000000000000E3
:401E000000000000000000000000000000000000000000000000000000000000000000000000000000000000000000000000000000000000000000000000000000000000A2
:401E40000000000000000000000000000000000000000000000000000000000000000000000000000000000000000000000000000000000000000000000000000000000062
:401E80000000000000000000000000000000000000000000000000000000000000000000000000000000000000000000000000000000000000000000000000000000000022
:401EC00000000000000000000000000000000000000000000000000000000000000000000000000000000000000000000000000000000000000000000000000000000000E2
:401F000000000000000000000000000000000000000000000000000000000000000000000000000000000000000000000000000000000000000000000000000000000000A1
:401F40000000000000000000000000000000000000000000000000000000000000000000000000000000000000000000000000000000000000000000000000000000000061
:401F80000000000000000000000000000000000000000000000000000000000000000000000000000000000000000000000000000000000000000000000000000000000021
:401FC00000000000000000000000000000000000000000000000000000000000000000000000000000000000000000000000000000000000000000000000000000000000E1
:4020000000000000000000000000000000000000000000000000000000000000000000000000000000000000000000000000000000000000000000000000000000000000A0
:402040000000000000000000000000000000000000000000000000000000000000000000000000000000000000000000000000000000000000000000000000000000000060
:402080000000000000000000000000000000000000000000000000000000000000000000000000000000000000000000000000000000000000000000000000000000000020
:4020C00000000000000000000000000000000000000000000000000000000000000000000000000000000000000000000000000000000000000000000000000000000000E0
:40210000000000000000000000000000000000000000000000000000000000000000000000000000000000000000000000000000000000000000000000000000000000009F
:40214000000000000000000000000000000000000000000000000000000000000000000000000000000000000000000000000000000000000000000000000000000000005F
:40218000000000000000000000000000000000000000000000000000000000000000000000000000000000000000000000000000000000000000000000000000000000001F
:4021C00000000000000000000000000000000000000000000000000000000000000000000000000000000000000000000000000000000000000000000000000000000000DF
:40220000000000000000000000000000000000000000000000000000000000000000000000000000000000000000000000000000000000000000000000000000000000009E
:40224000000000000000000000000000000000000000000000000000000000000000000000000000000000000000000000000000000000000000000000000000000000005E
:40228000000000000000000000000000000000000000000000000000000000000000000000000000000000000000000000000000000000000000000000000000000000001E
:4022C00000000000000000000000000000000000000000000000000000000000000000000000000000000000000000000000000000000000000000000000000000000000DE
:40230000000000000000000000000000000000000000000000000000000000000000000000000000000000000000000000000000000000000000000000000000000000009D
:40234000000000000000000000000000000000000000000000000000000000000000000000000000000000000000000000000000000000000000000000000000000000005D
:40238000000000000000000000000000000000000000000000000000000000000000000000000000000000000000000000000000000000000000000000000000000000001D
:4023C00000000000000000000000000000000000000000000000000000000000000000000000000000000000000000000000000000000000000000000000000000000000DD
:40240000000000000000000000000000000000000000000000000000000000000000000000000000000000000000000000000000000000000000000000000000000000009C
:40244000000000000000000000000000000000000000000000000000000000000000000000000000000000000000000000000000000000000000000000000000000000005C
:40248000000000000000000000000000000000000000000000000000000000000000000000000000000000000000000000000000000000000000000000000000000000001C
:4024C00000000000000000000000000000000000000000000000000000000000000000000000000000000000000000000000000000000000000000000000000000000000DC
:40250000000000000000000000000000000000000000000000000000000000000000000000000000000000000000000000000000000000000000000000000000000000009B
:40254000000000000000000000000000000000000000000000000000000000000000000000000000000000000000000000000000000000000000000000000000000000005B
:40258000000000000000000000000000000000000000000000000000000000000000000000000000000000000000000000000000000000000000000000000000000000001B
:4025C00000000000000000000000000000000000000000000000000000000000000000000000000000000000000000000000000000000000000000000000000000000000DB
:40260000000000000000000000000000000000000000000000000000000000000000000000000000000000000000000000000000000000000000000000000000000000009A
:40264000000000000000000000000000000000000000000000000000000000000000000000000000000000000000000000000000000000000000000000000000000000005A
:40268000000000000000000000000000000000000000000000000000000000000000000000000000000000000000000000000000000000000000000000000000000000001A
:4026C00000000000000000000000000000000000000000000000000000000000000000000000000000000000000000000000000000000000000000000000000000000000DA
:402700000000000000000000000000000000000000000000000000000000000000000000000000000000000000000000000000000000000000000000000000000000000099
:402740000000000000000000000000000000000000000000000000000000000000000000000000000000000000000000000000000000000000000000000000000000000059
:402780000000000000000000000000000000000000000000000000000000000000000000000000000000000000000000000000000000000000000000000000000000000019
:4027C00000000000000000000000000000000000000000000000000000000000000000000000000000000000000000000000000000000000000000000000000000000000D9
:402800000000000000000000000000000000000000000000000000000000000000000000000000000000000000000000000000000000000000000000000000000000000098
:402840000000000000000000000000000000000000000000000000000000000000000000000000000000000000000000000000000000000000000000000000000000000058
:402880000000000000000000000000000000000000000000000000000000000000000000000000000000000000000000000000000000000000000000000000000000000018
:4028C00000000000000000000000000000000000000000000000000000000000000000000000000000000000000000000000000000000000000000000000000000000000D8
:402900000000000000000000000000000000000000000000000000000000000000000000000000000000000000000000000000000000000000000000000000000000000097
:402940000000000000000000000000000000000000000000000000000000000000000000000000000000000000000000000000000000000000000000000000000000000057
:402980000000000000000000000000000000000000000000000000000000000000000000000000000000000000000000000000000000000000000000000000000000000017
:4029C00000000000000000000000000000000000000000000000000000000000000000000000000000000000000000000000000000000000000000000000000000000000D7
:402A00000000000000000000000000000000000000000000000000000000000000000000000000000000000000000000000000000000000000000000000000000000000096
:402A40000000000000000000000000000000000000000000000000000000000000000000000000000000000000000000000000000000000000000000000000000000000056
:402A80000000000000000000000000000000000000000000000000000000000000000000000000000000000000000000000000000000000000000000000000000000000016
:402AC00000000000000000000000000000000000000000000000000000000000000000000000000000000000000000000000000000000000000000000000000000000000D6
:402B00000000000000000000000000000000000000000000000000000000000000000000000000000000000000000000000000000000000000000000000000000000000095
:402B40000000000000000000000000000000000000000000000000000000000000000000000000000000000000000000000000000000000000000000000000000000000055
:402B80000000000000000000000000000000000000000000000000000000000000000000000000000000000000000000000000000000000000000000000000000000000015
:402BC00000000000000000000000000000000000000000000000000000000000000000000000000000000000000000000000000000000000000000000000000000000000D5
:402C00000000000000000000000000000000000000000000000000000000000000000000000000000000000000000000000000000000000000000000000000000000000094
:402C40000000000000000000000000000000000000000000000000000000000000000000000000000000000000000000000000000000000000000000000000000000000054
:402C80000000000000000000000000000000000000000000000000000000000000000000000000000000000000000000000000000000000000000000000000000000000014
:402CC00000000000000000000000000000000000000000000000000000000000000000000000000000000000000000000000000000000000000000000000000000000000D4
:402D00000000000000000000000000000000000000000000000000000000000000000000000000000000000000000000000000000000000000000000000000000000000093
:402D40000000000000000000000000000000000000000000000000000000000000000000000000000000000000000000000000000000000000000000000000000000000053
:402D80000000000000000000000000000000000000000000000000000000000000000000000000000000000000000000000000000000000000000000000000000000000013
:402DC00000000000000000000000000000000000000000000000000000000000000000000000000000000000000000000000000000000000000000000000000000000000D3
:402E00000000000000000000000000000000000000000000000000000000000000000000000000000000000000000000000000000000000000000000000000000000000092
:402E40000000000000000000000000000000000000000000000000000000000000000000000000000000000000000000000000000000000000000000000000000000000052
:402E80000000000000000000000000000000000000000000000000000000000000000000000000000000000000000000000000000000000000000000000000000000000012
:402EC00000000000000000000000000000000000000000000000000000000000000000000000000000000000000000000000000000000000000000000000000000000000D2
:402F00000000000000000000000000000000000000000000000000000000000000000000000000000000000000000000000000000000000000000000000000000000000091
:402F40000000000000000000000000000000000000000000000000000000000000000000000000000000000000000000000000000000000000000000000000000000000051
:402F80000000000000000000000000000000000000000000000000000000000000000000000000000000000000000000000000000000000000000000000000000000000011
:402FC00000000000000000000000000000000000000000000000000000000000000000000000000000000000000000000000000000000000000000000000000000000000D1
:403000000000000000000000000000000000000000000000000000000000000000000000000000000000000000000000000000000000000000000000000000000000000090
:403040000000000000000000000000000000000000000000000000000000000000000000000000000000000000000000000000000000000000000000000000000000000050
:403080000000000000000000000000000000000000000000000000000000000000000000000000000000000000000000000000000000000000000000000000000000000010
:4030C00000000000000000000000000000000000000000000000000000000000000000000000000000000000000000000000000000000000000000000000000000000000D0
:40310000000000000000000000000000000000000000000000000000000000000000000000000000000000000000000000000000000000000000000000000000000000008F
:40314000000000000000000000000000000000000000000000000000000000000000000000000000000000000000000000000000000000000000000000000000000000004F
:40318000000000000000000000000000000000000000000000000000000000000000000000000000000000000000000000000000000000000000000000000000000000000F
:4031C00000000000000000000000000000000000000000000000000000000000000000000000000000000000000000000000000000000000000000000000000000000000CF
:40320000000000000000000000000000000000000000000000000000000000000000000000000000000000000000000000000000000000000000000000000000000000008E
:40324000000000000000000000000000000000000000000000000000000000000000000000000000000000000000000000000000000000000000000000000000000000004E
:40328000000000000000000000000000000000000000000000000000000000000000000000000000000000000000000000000000000000000000000000000000000000000E
:4032C00000000000000000000000000000000000000000000000000000000000000000000000000000000000000000000000000000000000000000000000000000000000CE
:40330000000000000000000000000000000000000000000000000000000000000000000000000000000000000000000000000000000000000000000000000000000000008D
:40334000000000000000000000000000000000000000000000000000000000000000000000000000000000000000000000000000000000000000000000000000000000004D
:40338000000000000000000000000000000000000000000000000000000000000000000000000000000000000000000000000000000000000000000000000000000000000D
:4033C00000000000000000000000000000000000000000000000000000000000000000000000000000000000000000000000000000000000000000000000000000000000CD
:40340000000000000000000000000000000000000000000000000000000000000000000000000000000000000000000000000000000000000000000000000000000000008C
:40344000000000000000000000000000000000000000000000000000000000000000000000000000000000000000000000000000000000000000000000000000000000004C
:40348000000000000000000000000000000000000000000000000000000000000000000000000000000000000000000000000000000000000000000000000000000000000C
:4034C00000000000000000000000000000000000000000000000000000000000000000000000000000000000000000000000000000000000000000000000000000000000CC
:40350000000000000000000000000000000000000000000000000000000000000000000000000000000000000000000000000000000000000000000000000000000000008B
:40354000000000000000000000000000000000000000000000000000000000000000000000000000000000000000000000000000000000000000000000000000000000004B
:40358000000000000000000000000000000000000000000000000000000000000000000000000000000000000000000000000000000000000000000000000000000000000B
:4035C00000000000000000000000000000000000000000000000000000000000000000000000000000000000000000000000000000000000000000000000000000000000CB
:40360000000000000000000000000000000000000000000000000000000000000000000000000000000000000000000000000000000000000000000000000000000000008A
:40364000000000000000000000000000000000000000000000000000000000000000000000000000000000000000000000000000000000000000000000000000000000004A
:40368000000000000000000000000000000000000000000000000000000000000000000000000000000000000000000000000000000000000000000000000000000000000A
:4036C00000000000000000000000000000000000000000000000000000000000000000000000000000000000000000000000000000000000000000000000000000000000CA
:403700000000000000000000000000000000000000000000000000000000000000000000000000000000000000000000000000000000000000000000000000000000000089
:403740000000000000000000000000000000000000000000000000000000000000000000000000000000000000000000000000000000000000000000000000000000000049
:403780000000000000000000000000000000000000000000000000000000000000000000000000000000000000000000000000000000000000000000000000000000000009
:4037C00000000000000000000000000000000000000000000000000000000000000000000000000000000000000000000000000000000000000000000000000000000000C9
:403800000000000000000000000000000000000000000000000000000000000000000000000000000000000000000000000000000000000000000000000000000000000088
:403840000000000000000000000000000000000000000000000000000000000000000000000000000000000000000000000000000000000000000000000000000000000048
:403880000000000000000000000000000000000000000000000000000000000000000000000000000000000000000000000000000000000000000000000000000000000008
:4038C00000000000000000000000000000000000000000000000000000000000000000000000000000000000000000000000000000000000000000000000000000000000C8
:403900000000000000000000000000000000000000000000000000000000000000000000000000000000000000000000000000000000000000000000000000000000000087
:403940000000000000000000000000000000000000000000000000000000000000000000000000000000000000000000000000000000000000000000000000000000000047
:403980000000000000000000000000000000000000000000000000000000000000000000000000000000000000000000000000000000000000000000000000000000000007
:4039C00000000000000000000000000000000000000000000000000000000000000000000000000000000000000000000000000000000000000000000000000000000000C7
:403A00000000000000000000000000000000000000000000000000000000000000000000000000000000000000000000000000000000000000000000000000000000000086
:403A40000000000000000000000000000000000000000000000000000000000000000000000000000000000000000000000000000000000000000000000000000000000046
:403A80000000000000000000000000000000000000000000000000000000000000000000000000000000000000000000000000000000000000000000000000000000000006
:403AC00000000000000000000000000000000000000000000000000000000000000000000000000000000000000000000000000000000000000000000000000000000000C6
:403B00000000000000000000000000000000000000000000000000000000000000000000000000000000000000000000000000000000000000000000000000000000000085
:403B40000000000000000000000000000000000000000000000000000000000000000000000000000000000000000000000000000000000000000000000000000000000045
:403B80000000000000000000000000000000000000000000000000000000000000000000000000000000000000000000000000000000000000000000000000000000000005
:403BC00000000000000000000000000000000000000000000000000000000000000000000000000000000000000000000000000000000000000000000000000000000000C5
:403C00000000000000000000000000000000000000000000000000000000000000000000000000000000000000000000000000000000000000000000000000000000000084
:403C40000000000000000000000000000000000000000000000000000000000000000000000000000000000000000000000000000000000000000000000000000000000044
:403C80000000000000000000000000000000000000000000000000000000000000000000000000000000000000000000000000000000000000000000000000000000000004
:403CC00000000000000000000000000000000000000000000000000000000000000000000000000000000000000000000000000000000000000000000000000000000000C4
:403D00000000000000000000000000000000000000000000000000000000000000000000000000000000000000000000000000000000000000000000000000000000000083
:403D40000000000000000000000000000000000000000000000000000000000000000000000000000000000000000000000000000000000000000000000000000000000043
:403D80000000000000000000000000000000000000000000000000000000000000000000000000000000000000000000000000000000000000000000000000000000000003
:403DC00000000000000000000000000000000000000000000000000000000000000000000000000000000000000000000000000000000000000000000000000000000000C3
:403E00000000000000000000000000000000000000000000000000000000000000000000000000000000000000000000000000000000000000000000000000000000000082
:403E40000000000000000000000000000000000000000000000000000000000000000000000000000000000000000000000000000000000000000000000000000000000042
:403E80000000000000000000000000000000000000000000000000000000000000000000000000000000000000000000000000000000000000000000000000000000000002
:403EC00000000000000000000000000000000000000000000000000000000000000000000000000000000000000000000000000000000000000000000000000000000000C2
:403F00000000000000000000000000000000000000000000000000000000000000000000000000000000000000000000000000000000000000000000000000000000000081
:403F40000000000000000000000000000000000000000000000000000000000000000000000000000000000000000000000000000000000000000000000000000000000041
:403F80000000000000000000000000000000000000000000000000000000000000000000000000000000000000000000000000000000000000000000000000000000000001
:403FC00000000000000000000000000000000000000000000000000000000000000000000000000000000000000000000000000000000000000000000000000000000000C1
:404000000000000000000000000000000000000000000000000000000000000000000000000000000000000000000000000000000000000000000000000000000000000080
:404040000000000000000000000000000000000000000000000000000000000000000000000000000000000000000000000000000000000000000000000000000000000040
:404080000000000000000000000000000000000000000000000000000000000000000000000000000000000000000000000000000000000000000000000000000000000000
:4040C00000000000000000000000000000000000000000000000000000000000000000000000000000000000000000000000000000000000000000000000000000000000C0
:40410000000000000000000000000000000000000000000000000000000000000000000000000000000000000000000000000000000000000000000000000000000000007F
:40414000000000000000000000000000000000000000000000000000000000000000000000000000000000000000000000000000000000000000000000000000000000003F
:4041800000000000000000000000000000000000000000000000000000000000000000000000000000000000000000000000000000000000000000000000000000000000FF
:4041C00000000000000000000000000000000000000000000000000000000000000000000000000000000000000000000000000000000000000000000000000000000000BF
:40420000000000000000000000000000000000000000000000000000000000000000000000000000000000000000000000000000000000000000000000000000000000007E
:40424000000000000000000000000000000000000000000000000000000000000000000000000000000000000000000000000000000000000000000000000000000000003E
:4042800000000000000000000000000000000000000000000000000000000000000000000000000000000000000000000000000000000000000000000000000000000000FE
:4042C00000000000000000000000000000000000000000000000000000000000000000000000000000000000000000000000000000000000000000000000000000000000BE
:40430000000000000000000000000000000000000000000000000000000000000000000000000000000000000000000000000000000000000000000000000000000000007D
:40434000000000000000000000000000000000000000000000000000000000000000000000000000000000000000000000000000000000000000000000000000000000003D
:4043800000000000000000000000000000000000000000000000000000000000000000000000000000000000000000000000000000000000000000000000000000000000FD
:4043C00000000000000000000000000000000000000000000000000000000000000000000000000000000000000000000000000000000000000000000000000000000000BD
:40440000000000000000000000000000000000000000000000000000000000000000000000000000000000000000000000000000000000000000000000000000000000007C
:40444000000000000000000000000000000000000000000000000000000000000000000000000000000000000000000000000000000000000000000000000000000000003C
:4044800000000000000000000000000000000000000000000000000000000000000000000000000000000000000000000000000000000000000000000000000000000000FC
:4044C00000000000000000000000000000000000000000000000000000000000000000000000000000000000000000000000000000000000000000000000000000000000BC
:40450000000000000000000000000000000000000000000000000000000000000000000000000000000000000000000000000000000000000000000000000000000000007B
:40454000000000000000000000000000000000000000000000000000000000000000000000000000000000000000000000000000000000000000000000000000000000003B
:4045800000000000000000000000000000000000000000000000000000000000000000000000000000000000000000000000000000000000000000000000000000000000FB
:4045C00000000000000000000000000000000000000000000000000000000000000000000000000000000000000000000000000000000000000000000000000000000000BB
:40460000000000000000000000000000000000000000000000000000000000000000000000000000000000000000000000000000000000000000000000000000000000007A
:40464000000000000000000000000000000000000000000000000000000000000000000000000000000000000000000000000000000000000000000000000000000000003A
:4046800000000000000000000000000000000000000000000000000000000000000000000000000000000000000000000000000000000000000000000000000000000000FA
:4046C00000000000000000000000000000000000000000000000000000000000000000000000000000000000000000000000000000000000000000000000000000000000BA
:404700000000000000000000000000000000000000000000000000000000000000000000000000000000000000000000000000000000000000000000000000000000000079
:404740000000000000000000000000000000000000000000000000000000000000000000000000000000000000000000000000000000000000000000000000000000000039
:4047800000000000000000000000000000000000000000000000000000000000000000000000000000000000000000000000000000000000000000000000000000000000F9
:4047C00000000000000000000000000000000000000000000000000000000000000000000000000000000000000000000000000000000000000000000000000000000000B9
:404800000000000000000000000000000000000000000000000000000000000000000000000000000000000000000000000000000000000000000000000000000000000078
:404840000000000000000000000000000000000000000000000000000000000000000000000000000000000000000000000000000000000000000000000000000000000038
:4048800000000000000000000000000000000000000000000000000000000000000000000000000000000000000000000000000000000000000000000000000000000000F8
:4048C00000000000000000000000000000000000000000000000000000000000000000000000000000000000000000000000000000000000000000000000000000000000B8
:404900000000000000000000000000000000000000000000000000000000000000000000000000000000000000000000000000000000000000000000000000000000000077
:404940000000000000000000000000000000000000000000000000000000000000000000000000000000000000000000000000000000000000000000000000000000000037
:4049800000000000000000000000000000000000000000000000000000000000000000000000000000000000000000000000000000000000000000000000000000000000F7
:4049C00000000000000000000000000000000000000000000000000000000000000000000000000000000000000000000000000000000000000000000000000000000000B7
:404A00000000000000000000000000000000000000000000000000000000000000000000000000000000000000000000000000000000000000000000000000000000000076
:404A40000000000000000000000000000000000000000000000000000000000000000000000000000000000000000000000000000000000000000000000000000000000036
:404A800000000000000000000000000000000000000000000000000000000000000000000000000000000000000000000000000000000000000000000000000000000000F6
:404AC00000000000000000000000000000000000000000000000000000000000000000000000000000000000000000000000000000000000000000000000000000000000B6
:404B00000000000000000000000000000000000000000000000000000000000000000000000000000000000000000000000000000000000000000000000000000000000075
:404B40000000000000000000000000000000000000000000000000000000000000000000000000000000000000000000000000000000000000000000000000000000000035
:404B800000000000000000000000000000000000000000000000000000000000000000000000000000000000000000000000000000000000000000000000000000000000F5
:404BC00000000000000000000000000000000000000000000000000000000000000000000000000000000000000000000000000000000000000000000000000000000000B5
:404C00000000000000000000000000000000000000000000000000000000000000000000000000000000000000000000000000000000000000000000000000000000000074
:404C40000000000000000000000000000000000000000000000000000000000000000000000000000000000000000000000000000000000000000000000000000000000034
:404C800000000000000000000000000000000000000000000000000000000000000000000000000000000000000000000000000000000000000000000000000000000000F4
:404CC00000000000000000000000000000000000000000000000000000000000000000000000000000000000000000000000000000000000000000000000000000000000B4
:404D00000000000000000000000000000000000000000000000000000000000000000000000000000000000000000000000000000000000000000000000000000000000073
:404D40000000000000000000000000000000000000000000000000000000000000000000000000000000000000000000000000000000000000000000000000000000000033
:404D800000000000000000000000000000000000000000000000000000000000000000000000000000000000000000000000000000000000000000000000000000000000F3
:404DC00000000000000000000000000000000000000000000000000000000000000000000000000000000000000000000000000000000000000000000000000000000000B3
:404E00000000000000000000000000000000000000000000000000000000000000000000000000000000000000000000000000000000000000000000000000000000000072
:404E40000000000000000000000000000000000000000000000000000000000000000000000000000000000000000000000000000000000000000000000000000000000032
:404E800000000000000000000000000000000000000000000000000000000000000000000000000000000000000000000000000000000000000000000000000000000000F2
:404EC00000000000000000000000000000000000000000000000000000000000000000000000000000000000000000000000000000000000000000000000000000000000B2
:404F00000000000000000000000000000000000000000000000000000000000000000000000000000000000000000000000000000000000000000000000000000000000071
:404F40000000000000000000000000000000000000000000000000000000000000000000000000000000000000000000000000000000000000000000000000000000000031
:404F800000000000000000000000000000000000000000000000000000000000000000000000000000000000000000000000000000000000000000000000000000000000F1
:404FC00000000000000000000000000000000000000000000000000000000000000000000000000000000000000000000000000000000000000000000000000000000000B1
:405000000000000000000000000000000000000000000000000000000000000000000000000000000000000000000000000000000000000000000000000000000000000070
:405040000000000000000000000000000000000000000000000000000000000000000000000000000000000000000000000000000000000000000000000000000000000030
:4050800000000000000000000000000000000000000000000000000000000000000000000000000000000000000000000000000000000000000000000000000000000000F0
:4050C00000000000000000000000000000000000000000000000000000000000000000000000000000000000000000000000000000000000000000000000000000000000B0
:40510000000000000000000000000000000000000000000000000000000000000000000000000000000000000000000000000000000000000000000000000000000000006F
:40514000000000000000000000000000000000000000000000000000000000000000000000000000000000000000000000000000000000000000000000000000000000002F
:4051800000000000000000000000000000000000000000000000000000000000000000000000000000000000000000000000000000000000000000000000000000000000EF
:4051C00000000000000000000000000000000000000000000000000000000000000000000000000000000000000000000000000000000000000000000000000000000000AF
:40520000000000000000000000000000000000000000000000000000000000000000000000000000000000000000000000000000000000000000000000000000000000006E
:40524000000000000000000000000000000000000000000000000000000000000000000000000000000000000000000000000000000000000000000000000000000000002E
:4052800000000000000000000000000000000000000000000000000000000000000000000000000000000000000000000000000000000000000000000000000000000000EE
:4052C00000000000000000000000000000000000000000000000000000000000000000000000000000000000000000000000000000000000000000000000000000000000AE
:40530000000000000000000000000000000000000000000000000000000000000000000000000000000000000000000000000000000000000000000000000000000000006D
:40534000000000000000000000000000000000000000000000000000000000000000000000000000000000000000000000000000000000000000000000000000000000002D
:4053800000000000000000000000000000000000000000000000000000000000000000000000000000000000000000000000000000000000000000000000000000000000ED
:4053C00000000000000000000000000000000000000000000000000000000000000000000000000000000000000000000000000000000000000000000000000000000000AD
:40540000000000000000000000000000000000000000000000000000000000000000000000000000000000000000000000000000000000000000000000000000000000006C
:40544000000000000000000000000000000000000000000000000000000000000000000000000000000000000000000000000000000000000000000000000000000000002C
:4054800000000000000000000000000000000000000000000000000000000000000000000000000000000000000000000000000000000000000000000000000000000000EC
:4054C00000000000000000000000000000000000000000000000000000000000000000000000000000000000000000000000000000000000000000000000000000000000AC
:40550000000000000000000000000000000000000000000000000000000000000000000000000000000000000000000000000000000000000000000000000000000000006B
:40554000000000000000000000000000000000000000000000000000000000000000000000000000000000000000000000000000000000000000000000000000000000002B
:4055800000000000000000000000000000000000000000000000000000000000000000000000000000000000000000000000000000000000000000000000000000000000EB
:4055C00000000000000000000000000000000000000000000000000000000000000000000000000000000000000000000000000000000000000000000000000000000000AB
:40560000000000000000000000000000000000000000000000000000000000000000000000000000000000000000000000000000000000000000000000000000000000006A
:40564000000000000000000000000000000000000000000000000000000000000000000000000000000000000000000000000000000000000000000000000000000000002A
:4056800000000000000000000000000000000000000000000000000000000000000000000000000000000000000000000000000000000000000000000000000000000000EA
:4056C00000000000000000000000000000000000000000000000000000000000000000000000000000000000000000000000000000000000000000000000000000000000AA
:405700000000000000000000000000000000000000000000000000000000000000000000000000000000000000000000000000000000000000000000000000000000000069
:405740000000000000000000000000000000000000000000000000000000000000000000000000000000000000000000000000000000000000000000000000000000000029
:4057800000000000000000000000000000000000000000000000000000000000000000000000000000000000000000000000000000000000000000000000000000000000E9
:4057C00000000000000000000000000000000000000000000000000000000000000000000000000000000000000000000000000000000000000000000000000000000000A9
:405800000000000000000000000000000000000000000000000000000000000000000000000000000000000000000000000000000000000000000000000000000000000068
:405840000000000000000000000000000000000000000000000000000000000000000000000000000000000000000000000000000000000000000000000000000000000028
:4058800000000000000000000000000000000000000000000000000000000000000000000000000000000000000000000000000000000000000000000000000000000000E8
:4058C00000000000000000000000000000000000000000000000000000000000000000000000000000000000000000000000000000000000000000000000000000000000A8
:405900000000000000000000000000000000000000000000000000000000000000000000000000000000000000000000000000000000000000000000000000000000000067
:405940000000000000000000000000000000000000000000000000000000000000000000000000000000000000000000000000000000000000000000000000000000000027
:4059800000000000000000000000000000000000000000000000000000000000000000000000000000000000000000000000000000000000000000000000000000000000E7
:4059C00000000000000000000000000000000000000000000000000000000000000000000000000000000000000000000000000000000000000000000000000000000000A7
:405A00000000000000000000000000000000000000000000000000000000000000000000000000000000000000000000000000000000000000000000000000000000000066
:405A40000000000000000000000000000000000000000000000000000000000000000000000000000000000000000000000000000000000000000000000000000000000026
:405A800000000000000000000000000000000000000000000000000000000000000000000000000000000000000000000000000000000000000000000000000000000000E6
:405AC00000000000000000000000000000000000000000000000000000000000000000000000000000000000000000000000000000000000000000000000000000000000A6
:405B00000000000000000000000000000000000000000000000000000000000000000000000000000000000000000000000000000000000000000000000000000000000065
:405B40000000000000000000000000000000000000000000000000000000000000000000000000000000000000000000000000000000000000000000000000000000000025
:405B800000000000000000000000000000000000000000000000000000000000000000000000000000000000000000000000000000000000000000000000000000000000E5
:405BC00000000000000000000000000000000000000000000000000000000000000000000000000000000000000000000000000000000000000000000000000000000000A5
:405C00000000000000000000000000000000000000000000000000000000000000000000000000000000000000000000000000000000000000000000000000000000000064
:405C40000000000000000000000000000000000000000000000000000000000000000000000000000000000000000000000000000000000000000000000000000000000024
:405C800000000000000000000000000000000000000000000000000000000000000000000000000000000000000000000000000000000000000000000000000000000000E4
:405CC00000000000000000000000000000000000000000000000000000000000000000000000000000000000000000000000000000000000000000000000000000000000A4
:405D00000000000000000000000000000000000000000000000000000000000000000000000000000000000000000000000000000000000000000000000000000000000063
:405D40000000000000000000000000000000000000000000000000000000000000000000000000000000000000000000000000000000000000000000000000000000000023
:405D800000000000000000000000000000000000000000000000000000000000000000000000000000000000000000000000000000000000000000000000000000000000E3
:405DC00000000000000000000000000000000000000000000000000000000000000000000000000000000000000000000000000000000000000000000000000000000000A3
:405E00000000000000000000000000000000000000000000000000000000000000000000000000000000000000000000000000000000000000000000000000000000000062
:405E40000000000000000000000000000000000000000000000000000000000000000000000000000000000000000000000000000000000000000000000000000000000022
:405E800000000000000000000000000000000000000000000000000000000000000000000000000000000000000000000000000000000000000000000000000000000000E2
:405EC00000000000000000000000000000000000000000000000000000000000000000000000000000000000000000000000000000000000000000000000000000000000A2
:405F00000000000000000000000000000000000000000000000000000000000000000000000000000000000000000000000000000000000000000000000000000000000061
:405F40000000000000000000000000000000000000000000000000000000000000000000000000000000000000000000000000000000000000000000000000000000000021
:405F800000000000000000000000000000000000000000000000000000000000000000000000000000000000000000000000000000000000000000000000000000000000E1
:405FC00000000000000000000000000000000000000000000000000000000000000000000000000000000000000000000000000000000000000000000000000000000000A1
:406000000000000000000000000000000000000000000000000000000000000000000000000000000000000000000000000000000000000000000000000000000000000060
:406040000000000000000000000000000000000000000000000000000000000000000000000000000000000000000000000000000000000000000000000000000000000020
:4060800000000000000000000000000000000000000000000000000000000000000000000000000000000000000000000000000000000000000000000000000000000000E0
:4060C00000000000000000000000000000000000000000000000000000000000000000000000000000000000000000000000000000000000000000000000000000000000A0
:40610000000000000000000000000000000000000000000000000000000000000000000000000000000000000000000000000000000000000000000000000000000000005F
:40614000000000000000000000000000000000000000000000000000000000000000000000000000000000000000000000000000000000000000000000000000000000001F
:4061800000000000000000000000000000000000000000000000000000000000000000000000000000000000000000000000000000000000000000000000000000000000DF
:4061C000000000000000000000000000000000000000000000000000000000000000000000000000000000000000000000000000000000000000000000000000000000009F
:40620000000000000000000000000000000000000000000000000000000000000000000000000000000000000000000000000000000000000000000000000000000000005E
:40624000000000000000000000000000000000000000000000000000000000000000000000000000000000000000000000000000000000000000000000000000000000001E
:4062800000000000000000000000000000000000000000000000000000000000000000000000000000000000000000000000000000000000000000000000000000000000DE
:4062C000000000000000000000000000000000000000000000000000000000000000000000000000000000000000000000000000000000000000000000000000000000009E
:40630000000000000000000000000000000000000000000000000000000000000000000000000000000000000000000000000000000000000000000000000000000000005D
:40634000000000000000000000000000000000000000000000000000000000000000000000000000000000000000000000000000000000000000000000000000000000001D
:4063800000000000000000000000000000000000000000000000000000000000000000000000000000000000000000000000000000000000000000000000000000000000DD
:4063C000000000000000000000000000000000000000000000000000000000000000000000000000000000000000000000000000000000000000000000000000000000009D
:40640000000000000000000000000000000000000000000000000000000000000000000000000000000000000000000000000000000000000000000000000000000000005C
:40644000000000000000000000000000000000000000000000000000000000000000000000000000000000000000000000000000000000000000000000000000000000001C
:4064800000000000000000000000000000000000000000000000000000000000000000000000000000000000000000000000000000000000000000000000000000000000DC
:4064C000000000000000000000000000000000000000000000000000000000000000000000000000000000000000000000000000000000000000000000000000000000009C
:40650000000000000000000000000000000000000000000000000000000000000000000000000000000000000000000000000000000000000000000000000000000000005B
:40654000000000000000000000000000000000000000000000000000000000000000000000000000000000000000000000000000000000000000000000000000000000001B
:4065800000000000000000000000000000000000000000000000000000000000000000000000000000000000000000000000000000000000000000000000000000000000DB
:4065C000000000000000000000000000000000000000000000000000000000000000000000000000000000000000000000000000000000000000000000000000000000009B
:40660000000000000000000000000000000000000000000000000000000000000000000000000000000000000000000000000000000000000000000000000000000000005A
:40664000000000000000000000000000000000000000000000000000000000000000000000000000000000000000000000000000000000000000000000000000000000001A
:4066800000000000000000000000000000000000000000000000000000000000000000000000000000000000000000000000000000000000000000000000000000000000DA
:4066C000000000000000000000000000000000000000000000000000000000000000000000000000000000000000000000000000000000000000000000000000000000009A
:406700000000000000000000000000000000000000000000000000000000000000000000000000000000000000000000000000000000000000000000000000000000000059
:406740000000000000000000000000000000000000000000000000000000000000000000000000000000000000000000000000000000000000000000000000000000000019
:4067800000000000000000000000000000000000000000000000000000000000000000000000000000000000000000000000000000000000000000000000000000000000D9
:4067C0000000000000000000000000000000000000000000000000000000000000000000000000000000000000000000000000000000000000000000000000000000000099
:406800000000000000000000000000000000000000000000000000000000000000000000000000000000000000000000000000000000000000000000000000000000000058
:406840000000000000000000000000000000000000000000000000000000000000000000000000000000000000000000000000000000000000000000000000000000000018
:4068800000000000000000000000000000000000000000000000000000000000000000000000000000000000000000000000000000000000000000000000000000000000D8
:4068C0000000000000000000000000000000000000000000000000000000000000000000000000000000000000000000000000000000000000000000000000000000000098
:406900000000000000000000000000000000000000000000000000000000000000000000000000000000000000000000000000000000000000000000000000000000000057
:406940000000000000000000000000000000000000000000000000000000000000000000000000000000000000000000000000000000000000000000000000000000000017
:4069800000000000000000000000000000000000000000000000000000000000000000000000000000000000000000000000000000000000000000000000000000000000D7
:4069C0000000000000000000000000000000000000000000000000000000000000000000000000000000000000000000000000000000000000000000000000000000000097
:406A00000000000000000000000000000000000000000000000000000000000000000000000000000000000000000000000000000000000000000000000000000000000056
:406A40000000000000000000000000000000000000000000000000000000000000000000000000000000000000000000000000000000000000000000000000000000000016
:406A800000000000000000000000000000000000000000000000000000000000000000000000000000000000000000000000000000000000000000000000000000000000D6
:406AC0000000000000000000000000000000000000000000000000000000000000000000000000000000000000000000000000000000000000000000000000000000000096
:406B00000000000000000000000000000000000000000000000000000000000000000000000000000000000000000000000000000000000000000000000000000000000055
:406B40000000000000000000000000000000000000000000000000000000000000000000000000000000000000000000000000000000000000000000000000000000000015
:406B800000000000000000000000000000000000000000000000000000000000000000000000000000000000000000000000000000000000000000000000000000000000D5
:406BC0000000000000000000000000000000000000000000000000000000000000000000000000000000000000000000000000000000000000000000000000000000000095
:406C00000000000000000000000000000000000000000000000000000000000000000000000000000000000000000000000000000000000000000000000000000000000054
:406C40000000000000000000000000000000000000000000000000000000000000000000000000000000000000000000000000000000000000000000000000000000000014
:406C800000000000000000000000000000000000000000000000000000000000000000000000000000000000000000000000000000000000000000000000000000000000D4
:406CC0000000000000000000000000000000000000000000000000000000000000000000000000000000000000000000000000000000000000000000000000000000000094
:406D00000000000000000000000000000000000000000000000000000000000000000000000000000000000000000000000000000000000000000000000000000000000053
:406D40000000000000000000000000000000000000000000000000000000000000000000000000000000000000000000000000000000000000000000000000000000000013
:406D800000000000000000000000000000000000000000000000000000000000000000000000000000000000000000000000000000000000000000000000000000000000D3
:406DC0000000000000000000000000000000000000000000000000000000000000000000000000000000000000000000000000000000000000000000000000000000000093
:406E00000000000000000000000000000000000000000000000000000000000000000000000000000000000000000000000000000000000000000000000000000000000052
:406E40000000000000000000000000000000000000000000000000000000000000000000000000000000000000000000000000000000000000000000000000000000000012
:406E800000000000000000000000000000000000000000000000000000000000000000000000000000000000000000000000000000000000000000000000000000000000D2
:406EC0000000000000000000000000000000000000000000000000000000000000000000000000000000000000000000000000000000000000000000000000000000000092
:406F00000000000000000000000000000000000000000000000000000000000000000000000000000000000000000000000000000000000000000000000000000000000051
:406F40000000000000000000000000000000000000000000000000000000000000000000000000000000000000000000000000000000000000000000000000000000000011
:406F800000000000000000000000000000000000000000000000000000000000000000000000000000000000000000000000000000000000000000000000000000000000D1
:406FC0000000000000000000000000000000000000000000000000000000000000000000000000000000000000000000000000000000000000000000000000000000000091
:407000000000000000000000000000000000000000000000000000000000000000000000000000000000000000000000000000000000000000000000000000000000000050
:407040000000000000000000000000000000000000000000000000000000000000000000000000000000000000000000000000000000000000000000000000000000000010
:4070800000000000000000000000000000000000000000000000000000000000000000000000000000000000000000000000000000000000000000000000000000000000D0
:4070C0000000000000000000000000000000000000000000000000000000000000000000000000000000000000000000000000000000000000000000000000000000000090
:40710000000000000000000000000000000000000000000000000000000000000000000000000000000000000000000000000000000000000000000000000000000000004F
:40714000000000000000000000000000000000000000000000000000000000000000000000000000000000000000000000000000000000000000000000000000000000000F
:4071800000000000000000000000000000000000000000000000000000000000000000000000000000000000000000000000000000000000000000000000000000000000CF
:4071C000000000000000000000000000000000000000000000000000000000000000000000000000000000000000000000000000000000000000000000000000000000008F
:40720000000000000000000000000000000000000000000000000000000000000000000000000000000000000000000000000000000000000000000000000000000000004E
:40724000000000000000000000000000000000000000000000000000000000000000000000000000000000000000000000000000000000000000000000000000000000000E
:4072800000000000000000000000000000000000000000000000000000000000000000000000000000000000000000000000000000000000000000000000000000000000CE
:4072C000000000000000000000000000000000000000000000000000000000000000000000000000000000000000000000000000000000000000000000000000000000008E
:40730000000000000000000000000000000000000000000000000000000000000000000000000000000000000000000000000000000000000000000000000000000000004D
:40734000000000000000000000000000000000000000000000000000000000000000000000000000000000000000000000000000000000000000000000000000000000000D
:4073800000000000000000000000000000000000000000000000000000000000000000000000000000000000000000000000000000000000000000000000000000000000CD
:4073C000000000000000000000000000000000000000000000000000000000000000000000000000000000000000000000000000000000000000000000000000000000008D
:40740000000000000000000000000000000000000000000000000000000000000000000000000000000000000000000000000000000000000000000000000000000000004C
:40744000000000000000000000000000000000000000000000000000000000000000000000000000000000000000000000000000000000000000000000000000000000000C
:4074800000000000000000000000000000000000000000000000000000000000000000000000000000000000000000000000000000000000000000000000000000000000CC
:4074C000000000000000000000000000000000000000000000000000000000000000000000000000000000000000000000000000000000000000000000000000000000008C
:40750000000000000000000000000000000000000000000000000000000000000000000000000000000000000000000000000000000000000000000000000000000000004B
:40754000000000000000000000000000000000000000000000000000000000000000000000000000000000000000000000000000000000000000000000000000000000000B
:4075800000000000000000000000000000000000000000000000000000000000000000000000000000000000000000000000000000000000000000000000000000000000CB
:4075C000000000000000000000000000000000000000000000000000000000000000000000000000000000000000000000000000000000000000000000000000000000008B
:40760000000000000000000000000000000000000000000000000000000000000000000000000000000000000000000000000000000000000000000000000000000000004A
:40764000000000000000000000000000000000000000000000000000000000000000000000000000000000000000000000000000000000000000000000000000000000000A
:4076800000000000000000000000000000000000000000000000000000000000000000000000000000000000000000000000000000000000000000000000000000000000CA
:4076C000000000000000000000000000000000000000000000000000000000000000000000000000000000000000000000000000000000000000000000000000000000008A
:407700000000000000000000000000000000000000000000000000000000000000000000000000000000000000000000000000000000000000000000000000000000000049
:407740000000000000000000000000000000000000000000000000000000000000000000000000000000000000000000000000000000000000000000000000000000000009
:4077800000000000000000000000000000000000000000000000000000000000000000000000000000000000000000000000000000000000000000000000000000000000C9
:4077C0000000000000000000000000000000000000000000000000000000000000000000000000000000000000000000000000000000000000000000000000000000000089
:407800000000000000000000000000000000000000000000000000000000000000000000000000000000000000000000000000000000000000000000000000000000000048
:407840000000000000000000000000000000000000000000000000000000000000000000000000000000000000000000000000000000000000000000000000000000000008
:4078800000000000000000000000000000000000000000000000000000000000000000000000000000000000000000000000000000000000000000000000000000000000C8
:4078C0000000000000000000000000000000000000000000000000000000000000000000000000000000000000000000000000000000000000000000000000000000000088
:407900000000000000000000000000000000000000000000000000000000000000000000000000000000000000000000000000000000000000000000000000000000000047
:407940000000000000000000000000000000000000000000000000000000000000000000000000000000000000000000000000000000000000000000000000000000000007
:4079800000000000000000000000000000000000000000000000000000000000000000000000000000000000000000000000000000000000000000000000000000000000C7
:4079C0000000000000000000000000000000000000000000000000000000000000000000000000000000000000000000000000000000000000000000000000000000000087
:407A00000000000000000000000000000000000000000000000000000000000000000000000000000000000000000000000000000000000000000000000000000000000046
:407A40000000000000000000000000000000000000000000000000000000000000000000000000000000000000000000000000000000000000000000000000000000000006
:407A800000000000000000000000000000000000000000000000000000000000000000000000000000000000000000000000000000000000000000000000000000000000C6
:407AC0000000000000000000000000000000000000000000000000000000000000000000000000000000000000000000000000000000000000000000000000000000000086
:407B00000000000000000000000000000000000000000000000000000000000000000000000000000000000000000000000000000000000000000000000000000000000045
:407B40000000000000000000000000000000000000000000000000000000000000000000000000000000000000000000000000000000000000000000000000000000000005
:407B800000000000000000000000000000000000000000000000000000000000000000000000000000000000000000000000000000000000000000000000000000000000C5
:407BC0000000000000000000000000000000000000000000000000000000000000000000000000000000000000000000000000000000000000000000000000000000000085
:407C00000000000000000000000000000000000000000000000000000000000000000000000000000000000000000000000000000000000000000000000000000000000044
:407C40000000000000000000000000000000000000000000000000000000000000000000000000000000000000000000000000000000000000000000000000000000000004
:407C800000000000000000000000000000000000000000000000000000000000000000000000000000000000000000000000000000000000000000000000000000000000C4
:407CC0000000000000000000000000000000000000000000000000000000000000000000000000000000000000000000000000000000000000000000000000000000000084
:407D00000000000000000000000000000000000000000000000000000000000000000000000000000000000000000000000000000000000000000000000000000000000043
:407D40000000000000000000000000000000000000000000000000000000000000000000000000000000000000000000000000000000000000000000000000000000000003
:407D800000000000000000000000000000000000000000000000000000000000000000000000000000000000000000000000000000000000000000000000000000000000C3
:407DC0000000000000000000000000000000000000000000000000000000000000000000000000000000000000000000000000000000000000000000000000000000000083
:407E00000000000000000000000000000000000000000000000000000000000000000000000000000000000000000000000000000000000000000000000000000000000042
:407E40000000000000000000000000000000000000000000000000000000000000000000000000000000000000000000000000000000000000000000000000000000000002
:407E800000000000000000000000000000000000000000000000000000000000000000000000000000000000000000000000000000000000000000000000000000000000C2
:407EC0000000000000000000000000000000000000000000000000000000000000000000000000000000000000000000000000000000000000000000000000000000000082
:407F00000000000000000000000000000000000000000000000000000000000000000000000000000000000000000000000000000000000000000000000000000000000041
:407F40000000000000000000000000000000000000000000000000000000000000000000000000000000000000000000000000000000000000000000000000000000000001
:407F800000000000000000000000000000000000000000000000000000000000000000000000000000000000000000000000000000000000000000000000000000000000C1
:407FC0000000000000000000000000000000000000000000000000000000000000000000000000000000000000000000000000000000000000000000000000000000000081
:408000000000000000000000000000000000000000000000000000000000000000000000000000000000000000000000000000000000000000000000000000000000000040
:408040000000000000000000000000000000000000000000000000000000000000000000000000000000000000000000000000000000000000000000000000000000000000
:4080800000000000000000000000000000000000000000000000000000000000000000000000000000000000000000000000000000000000000000000000000000000000C0
:4080C0000000000000000000000000000000000000000000000000000000000000000000000000000000000000000000000000000000000000000000000000000000000080
:40810000000000000000000000000000000000000000000000000000000000000000000000000000000000000000000000000000000000000000000000000000000000003F
:4081400000000000000000000000000000000000000000000000000000000000000000000000000000000000000000000000000000000000000000000000000000000000FF
:4081800000000000000000000000000000000000000000000000000000000000000000000000000000000000000000000000000000000000000000000000000000000000BF
:4081C000000000000000000000000000000000000000000000000000000000000000000000000000000000000000000000000000000000000000000000000000000000007F
:40820000000000000000000000000000000000000000000000000000000000000000000000000000000000000000000000000000000000000000000000000000000000003E
:4082400000000000000000000000000000000000000000000000000000000000000000000000000000000000000000000000000000000000000000000000000000000000FE
:4082800000000000000000000000000000000000000000000000000000000000000000000000000000000000000000000000000000000000000000000000000000000000BE
:4082C000000000000000000000000000000000000000000000000000000000000000000000000000000000000000000000000000000000000000000000000000000000007E
:40830000000000000000000000000000000000000000000000000000000000000000000000000000000000000000000000000000000000000000000000000000000000003D
:4083400000000000000000000000000000000000000000000000000000000000000000000000000000000000000000000000000000000000000000000000000000000000FD
:4083800000000000000000000000000000000000000000000000000000000000000000000000000000000000000000000000000000000000000000000000000000000000BD
:4083C000000000000000000000000000000000000000000000000000000000000000000000000000000000000000000000000000000000000000000000000000000000007D
:40840000000000000000000000000000000000000000000000000000000000000000000000000000000000000000000000000000000000000000000000000000000000003C
:4084400000000000000000000000000000000000000000000000000000000000000000000000000000000000000000000000000000000000000000000000000000000000FC
:4084800000000000000000000000000000000000000000000000000000000000000000000000000000000000000000000000000000000000000000000000000000000000BC
:4084C000000000000000000000000000000000000000000000000000000000000000000000000000000000000000000000000000000000000000000000000000000000007C
:40850000000000000000000000000000000000000000000000000000000000000000000000000000000000000000000000000000000000000000000000000000000000003B
:4085400000000000000000000000000000000000000000000000000000000000000000000000000000000000000000000000000000000000000000000000000000000000FB
:4085800000000000000000000000000000000000000000000000000000000000000000000000000000000000000000000000000000000000000000000000000000000000BB
:4085C000000000000000000000000000000000000000000000000000000000000000000000000000000000000000000000000000000000000000000000000000000000007B
:40860000000000000000000000000000000000000000000000000000000000000000000000000000000000000000000000000000000000000000000000000000000000003A
:4086400000000000000000000000000000000000000000000000000000000000000000000000000000000000000000000000000000000000000000000000000000000000FA
:4086800000000000000000000000000000000000000000000000000000000000000000000000000000000000000000000000000000000000000000000000000000000000BA
:4086C000000000000000000000000000000000000000000000000000000000000000000000000000000000000000000000000000000000000000000000000000000000007A
:408700000000000000000000000000000000000000000000000000000000000000000000000000000000000000000000000000000000000000000000000000000000000039
:4087400000000000000000000000000000000000000000000000000000000000000000000000000000000000000000000000000000000000000000000000000000000000F9
:4087800000000000000000000000000000000000000000000000000000000000000000000000000000000000000000000000000000000000000000000000000000000000B9
:4087C0000000000000000000000000000000000000000000000000000000000000000000000000000000000000000000000000000000000000000000000000000000000079
:408800000000000000000000000000000000000000000000000000000000000000000000000000000000000000000000000000000000000000000000000000000000000038
:4088400000000000000000000000000000000000000000000000000000000000000000000000000000000000000000000000000000000000000000000000000000000000F8
:4088800000000000000000000000000000000000000000000000000000000000000000000000000000000000000000000000000000000000000000000000000000000000B8
:4088C0000000000000000000000000000000000000000000000000000000000000000000000000000000000000000000000000000000000000000000000000000000000078
:408900000000000000000000000000000000000000000000000000000000000000000000000000000000000000000000000000000000000000000000000000000000000037
:4089400000000000000000000000000000000000000000000000000000000000000000000000000000000000000000000000000000000000000000000000000000000000F7
:4089800000000000000000000000000000000000000000000000000000000000000000000000000000000000000000000000000000000000000000000000000000000000B7
:4089C0000000000000000000000000000000000000000000000000000000000000000000000000000000000000000000000000000000000000000000000000000000000077
:408A00000000000000000000000000000000000000000000000000000000000000000000000000000000000000000000000000000000000000000000000000000000000036
:408A400000000000000000000000000000000000000000000000000000000000000000000000000000000000000000000000000000000000000000000000000000000000F6
:408A800000000000000000000000000000000000000000000000000000000000000000000000000000000000000000000000000000000000000000000000000000000000B6
:408AC0000000000000000000000000000000000000000000000000000000000000000000000000000000000000000000000000000000000000000000000000000000000076
:408B00000000000000000000000000000000000000000000000000000000000000000000000000000000000000000000000000000000000000000000000000000000000035
:408B400000000000000000000000000000000000000000000000000000000000000000000000000000000000000000000000000000000000000000000000000000000000F5
:408B800000000000000000000000000000000000000000000000000000000000000000000000000000000000000000000000000000000000000000000000000000000000B5
:408BC0000000000000000000000000000000000000000000000000000000000000000000000000000000000000000000000000000000000000000000000000000000000075
:408C00000000000000000000000000000000000000000000000000000000000000000000000000000000000000000000000000000000000000000000000000000000000034
:408C400000000000000000000000000000000000000000000000000000000000000000000000000000000000000000000000000000000000000000000000000000000000F4
:408C800000000000000000000000000000000000000000000000000000000000000000000000000000000000000000000000000000000000000000000000000000000000B4
:408CC0000000000000000000000000000000000000000000000000000000000000000000000000000000000000000000000000000000000000000000000000000000000074
:408D00000000000000000000000000000000000000000000000000000000000000000000000000000000000000000000000000000000000000000000000000000000000033
:408D400000000000000000000000000000000000000000000000000000000000000000000000000000000000000000000000000000000000000000000000000000000000F3
:408D800000000000000000000000000000000000000000000000000000000000000000000000000000000000000000000000000000000000000000000000000000000000B3
:408DC0000000000000000000000000000000000000000000000000000000000000000000000000000000000000000000000000000000000000000000000000000000000073
:408E00000000000000000000000000000000000000000000000000000000000000000000000000000000000000000000000000000000000000000000000000000000000032
:408E400000000000000000000000000000000000000000000000000000000000000000000000000000000000000000000000000000000000000000000000000000000000F2
:408E800000000000000000000000000000000000000000000000000000000000000000000000000000000000000000000000000000000000000000000000000000000000B2
:408EC0000000000000000000000000000000000000000000000000000000000000000000000000000000000000000000000000000000000000000000000000000000000072
:408F00000000000000000000000000000000000000000000000000000000000000000000000000000000000000000000000000000000000000000000000000000000000031
:408F400000000000000000000000000000000000000000000000000000000000000000000000000000000000000000000000000000000000000000000000000000000000F1
:408F800000000000000000000000000000000000000000000000000000000000000000000000000000000000000000000000000000000000000000000000000000000000B1
:408FC0000000000000000000000000000000000000000000000000000000000000000000000000000000000000000000000000000000000000000000000000000000000071
:409000000000000000000000000000000000000000000000000000000000000000000000000000000000000000000000000000000000000000000000000000000000000030
:4090400000000000000000000000000000000000000000000000000000000000000000000000000000000000000000000000000000000000000000000000000000000000F0
:4090800000000000000000000000000000000000000000000000000000000000000000000000000000000000000000000000000000000000000000000000000000000000B0
:4090C0000000000000000000000000000000000000000000000000000000000000000000000000000000000000000000000000000000000000000000000000000000000070
:40910000000000000000000000000000000000000000000000000000000000000000000000000000000000000000000000000000000000000000000000000000000000002F
:4091400000000000000000000000000000000000000000000000000000000000000000000000000000000000000000000000000000000000000000000000000000000000EF
:4091800000000000000000000000000000000000000000000000000000000000000000000000000000000000000000000000000000000000000000000000000000000000AF
:4091C000000000000000000000000000000000000000000000000000000000000000000000000000000000000000000000000000000000000000000000000000000000006F
:40920000000000000000000000000000000000000000000000000000000000000000000000000000000000000000000000000000000000000000000000000000000000002E
:4092400000000000000000000000000000000000000000000000000000000000000000000000000000000000000000000000000000000000000000000000000000000000EE
:4092800000000000000000000000000000000000000000000000000000000000000000000000000000000000000000000000000000000000000000000000000000000000AE
:4092C000000000000000000000000000000000000000000000000000000000000000000000000000000000000000000000000000000000000000000000000000000000006E
:40930000000000000000000000000000000000000000000000000000000000000000000000000000000000000000000000000000000000000000000000000000000000002D
:4093400000000000000000000000000000000000000000000000000000000000000000000000000000000000000000000000000000000000000000000000000000000000ED
:4093800000000000000000000000000000000000000000000000000000000000000000000000000000000000000000000000000000000000000000000000000000000000AD
:4093C000000000000000000000000000000000000000000000000000000000000000000000000000000000000000000000000000000000000000000000000000000000006D
:40940000000000000000000000000000000000000000000000000000000000000000000000000000000000000000000000000000000000000000000000000000000000002C
:4094400000000000000000000000000000000000000000000000000000000000000000000000000000000000000000000000000000000000000000000000000000000000EC
:4094800000000000000000000000000000000000000000000000000000000000000000000000000000000000000000000000000000000000000000000000000000000000AC
:4094C000000000000000000000000000000000000000000000000000000000000000000000000000000000000000000000000000000000000000000000000000000000006C
:40950000000000000000000000000000000000000000000000000000000000000000000000000000000000000000000000000000000000000000000000000000000000002B
:4095400000000000000000000000000000000000000000000000000000000000000000000000000000000000000000000000000000000000000000000000000000000000EB
:4095800000000000000000000000000000000000000000000000000000000000000000000000000000000000000000000000000000000000000000000000000000000000AB
:4095C000000000000000000000000000000000000000000000000000000000000000000000000000000000000000000000000000000000000000000000000000000000006B
:40960000000000000000000000000000000000000000000000000000000000000000000000000000000000000000000000000000000000000000000000000000000000002A
:4096400000000000000000000000000000000000000000000000000000000000000000000000000000000000000000000000000000000000000000000000000000000000EA
:4096800000000000000000000000000000000000000000000000000000000000000000000000000000000000000000000000000000000000000000000000000000000000AA
:4096C000000000000000000000000000000000000000000000000000000000000000000000000000000000000000000000000000000000000000000000000000000000006A
:409700000000000000000000000000000000000000000000000000000000000000000000000000000000000000000000000000000000000000000000000000000000000029
:4097400000000000000000000000000000000000000000000000000000000000000000000000000000000000000000000000000000000000000000000000000000000000E9
:4097800000000000000000000000000000000000000000000000000000000000000000000000000000000000000000000000000000000000000000000000000000000000A9
:4097C0000000000000000000000000000000000000000000000000000000000000000000000000000000000000000000000000000000000000000000000000000000000069
:409800000000000000000000000000000000000000000000000000000000000000000000000000000000000000000000000000000000000000000000000000000000000028
:4098400000000000000000000000000000000000000000000000000000000000000000000000000000000000000000000000000000000000000000000000000000000000E8
:4098800000000000000000000000000000000000000000000000000000000000000000000000000000000000000000000000000000000000000000000000000000000000A8
:4098C0000000000000000000000000000000000000000000000000000000000000000000000000000000000000000000000000000000000000000000000000000000000068
:409900000000000000000000000000000000000000000000000000000000000000000000000000000000000000000000000000000000000000000000000000000000000027
:4099400000000000000000000000000000000000000000000000000000000000000000000000000000000000000000000000000000000000000000000000000000000000E7
:4099800000000000000000000000000000000000000000000000000000000000000000000000000000000000000000000000000000000000000000000000000000000000A7
:4099C0000000000000000000000000000000000000000000000000000000000000000000000000000000000000000000000000000000000000000000000000000000000067
:409A00000000000000000000000000000000000000000000000000000000000000000000000000000000000000000000000000000000000000000000000000000000000026
:409A400000000000000000000000000000000000000000000000000000000000000000000000000000000000000000000000000000000000000000000000000000000000E6
:409A800000000000000000000000000000000000000000000000000000000000000000000000000000000000000000000000000000000000000000000000000000000000A6
:409AC0000000000000000000000000000000000000000000000000000000000000000000000000000000000000000000000000000000000000000000000000000000000066
:409B00000000000000000000000000000000000000000000000000000000000000000000000000000000000000000000000000000000000000000000000000000000000025
:409B400000000000000000000000000000000000000000000000000000000000000000000000000000000000000000000000000000000000000000000000000000000000E5
:409B800000000000000000000000000000000000000000000000000000000000000000000000000000000000000000000000000000000000000000000000000000000000A5
:409BC0000000000000000000000000000000000000000000000000000000000000000000000000000000000000000000000000000000000000000000000000000000000065
:409C00000000000000000000000000000000000000000000000000000000000000000000000000000000000000000000000000000000000000000000000000000000000024
:409C400000000000000000000000000000000000000000000000000000000000000000000000000000000000000000000000000000000000000000000000000000000000E4
:409C800000000000000000000000000000000000000000000000000000000000000000000000000000000000000000000000000000000000000000000000000000000000A4
:409CC0000000000000000000000000000000000000000000000000000000000000000000000000000000000000000000000000000000000000000000000000000000000064
:409D00000000000000000000000000000000000000000000000000000000000000000000000000000000000000000000000000000000000000000000000000000000000023
:409D400000000000000000000000000000000000000000000000000000000000000000000000000000000000000000000000000000000000000000000000000000000000E3
:409D800000000000000000000000000000000000000000000000000000000000000000000000000000000000000000000000000000000000000000000000000000000000A3
:409DC0000000000000000000000000000000000000000000000000000000000000000000000000000000000000000000000000000000000000000000000000000000000063
:409E00000000000000000000000000000000000000000000000000000000000000000000000000000000000000000000000000000000000000000000000000000000000022
:409E400000000000000000000000000000000000000000000000000000000000000000000000000000000000000000000000000000000000000000000000000000000000E2
:409E800000000000000000000000000000000000000000000000000000000000000000000000000000000000000000000000000000000000000000000000000000000000A2
:409EC0000000000000000000000000000000000000000000000000000000000000000000000000000000000000000000000000000000000000000000000000000000000062
:409F00000000000000000000000000000000000000000000000000000000000000000000000000000000000000000000000000000000000000000000000000000000000021
:409F400000000000000000000000000000000000000000000000000000000000000000000000000000000000000000000000000000000000000000000000000000000000E1
:409F800000000000000000000000000000000000000000000000000000000000000000000000000000000000000000000000000000000000000000000000000000000000A1
:409FC0000000000000000000000000000000000000000000000000000000000000000000000000000000000000000000000000000000000000000000000000000000000061
:40A000000000000000000000000000000000000000000000000000000000000000000000000000000000000000000000000000000000000000000000000000000000000020
:40A0400000000000000000000000000000000000000000000000000000000000000000000000000000000000000000000000000000000000000000000000000000000000E0
:40A0800000000000000000000000000000000000000000000000000000000000000000000000000000000000000000000000000000000000000000000000000000000000A0
:40A0C0000000000000000000000000000000000000000000000000000000000000000000000000000000000000000000000000000000000000000000000000000000000060
:40A10000000000000000000000000000000000000000000000000000000000000000000000000000000000000000000000000000000000000000000000000000000000001F
:40A1400000000000000000000000000000000000000000000000000000000000000000000000000000000000000000000000000000000000000000000000000000000000DF
:40A18000000000000000000000000000000000000000000000000000000000000000000000000000000000000000000000000000000000000000000000000000000000009F
:40A1C000000000000000000000000000000000000000000000000000000000000000000000000000000000000000000000000000000000000000000000000000000000005F
:40A20000000000000000000000000000000000000000000000000000000000000000000000000000000000000000000000000000000000000000000000000000000000001E
:40A2400000000000000000000000000000000000000000000000000000000000000000000000000000000000000000000000000000000000000000000000000000000000DE
:40A28000000000000000000000000000000000000000000000000000000000000000000000000000000000000000000000000000000000000000000000000000000000009E
:40A2C000000000000000000000000000000000000000000000000000000000000000000000000000000000000000000000000000000000000000000000000000000000005E
:40A30000000000000000000000000000000000000000000000000000000000000000000000000000000000000000000000000000000000000000000000000000000000001D
:40A3400000000000000000000000000000000000000000000000000000000000000000000000000000000000000000000000000000000000000000000000000000000000DD
:40A38000000000000000000000000000000000000000000000000000000000000000000000000000000000000000000000000000000000000000000000000000000000009D
:40A3C000000000000000000000000000000000000000000000000000000000000000000000000000000000000000000000000000000000000000000000000000000000005D
:40A40000000000000000000000000000000000000000000000000000000000000000000000000000000000000000000000000000000000000000000000000000000000001C
:40A4400000000000000000000000000000000000000000000000000000000000000000000000000000000000000000000000000000000000000000000000000000000000DC
:40A48000000000000000000000000000000000000000000000000000000000000000000000000000000000000000000000000000000000000000000000000000000000009C
:40A4C000000000000000000000000000000000000000000000000000000000000000000000000000000000000000000000000000000000000000000000000000000000005C
:40A50000000000000000000000000000000000000000000000000000000000000000000000000000000000000000000000000000000000000000000000000000000000001B
:40A5400000000000000000000000000000000000000000000000000000000000000000000000000000000000000000000000000000000000000000000000000000000000DB
:40A58000000000000000000000000000000000000000000000000000000000000000000000000000000000000000000000000000000000000000000000000000000000009B
:40A5C000000000000000000000000000000000000000000000000000000000000000000000000000000000000000000000000000000000000000000000000000000000005B
:40A60000000000000000000000000000000000000000000000000000000000000000000000000000000000000000000000000000000000000000000000000000000000001A
:40A6400000000000000000000000000000000000000000000000000000000000000000000000000000000000000000000000000000000000000000000000000000000000DA
:40A68000000000000000000000000000000000000000000000000000000000000000000000000000000000000000000000000000000000000000000000000000000000009A
:40A6C000000000000000000000000000000000000000000000000000000000000000000000000000000000000000000000000000000000000000000000000000000000005A
:40A700000000000000000000000000000000000000000000000000000000000000000000000000000000000000000000000000000000000000000000000000000000000019
:40A7400000000000000000000000000000000000000000000000000000000000000000000000000000000000000000000000000000000000000000000000000000000000D9
:40A780000000000000000000000000000000000000000000000000000000000000000000000000000000000000000000000000000000000000000000000000000000000099
:40A7C0000000000000000000000000000000000000000000000000000000000000000000000000000000000000000000000000000000000000000000000000000000000059
:40A800000000000000000000000000000000000000000000000000000000000000000000000000000000000000000000000000000000000000000000000000000000000018
:40A8400000000000000000000000000000000000000000000000000000000000000000000000000000000000000000000000000000000000000000000000000000000000D8
:40A880000000000000000000000000000000000000000000000000000000000000000000000000000000000000000000000000000000000000000000000000000000000098
:40A8C0000000000000000000000000000000000000000000000000000000000000000000000000000000000000000000000000000000000000000000000000000000000058
:40A900000000000000000000000000000000000000000000000000000000000000000000000000000000000000000000000000000000000000000000000000000000000017
:40A9400000000000000000000000000000000000000000000000000000000000000000000000000000000000000000000000000000000000000000000000000000000000D7
:40A980000000000000000000000000000000000000000000000000000000000000000000000000000000000000000000000000000000000000000000000000000000000097
:40A9C0000000000000000000000000000000000000000000000000000000000000000000000000000000000000000000000000000000000000000000000000000000000057
:40AA00000000000000000000000000000000000000000000000000000000000000000000000000000000000000000000000000000000000000000000000000000000000016
:40AA400000000000000000000000000000000000000000000000000000000000000000000000000000000000000000000000000000000000000000000000000000000000D6
:40AA80000000000000000000000000000000000000000000000000000000000000000000000000000000000000000000000000000000000000000000000000000000000096
:40AAC0000000000000000000000000000000000000000000000000000000000000000000000000000000000000000000000000000000000000000000000000000000000056
:40AB00000000000000000000000000000000000000000000000000000000000000000000000000000000000000000000000000000000000000000000000000000000000015
:40AB400000000000000000000000000000000000000000000000000000000000000000000000000000000000000000000000000000000000000000000000000000000000D5
:40AB80000000000000000000000000000000000000000000000000000000000000000000000000000000000000000000000000000000000000000000000000000000000095
:40ABC0000000000000000000000000000000000000000000000000000000000000000000000000000000000000000000000000000000000000000000000000000000000055
:40AC00000000000000000000000000000000000000000000000000000000000000000000000000000000000000000000000000000000000000000000000000000000000014
:40AC400000000000000000000000000000000000000000000000000000000000000000000000000000000000000000000000000000000000000000000000000000000000D4
:40AC80000000000000000000000000000000000000000000000000000000000000000000000000000000000000000000000000000000000000000000000000000000000094
:40ACC0000000000000000000000000000000000000000000000000000000000000000000000000000000000000000000000000000000000000000000000000000000000054
:40AD00000000000000000000000000000000000000000000000000000000000000000000000000000000000000000000000000000000000000000000000000000000000013
:40AD400000000000000000000000000000000000000000000000000000000000000000000000000000000000000000000000000000000000000000000000000000000000D3
:40AD80000000000000000000000000000000000000000000000000000000000000000000000000000000000000000000000000000000000000000000000000000000000093
:40ADC0000000000000000000000000000000000000000000000000000000000000000000000000000000000000000000000000000000000000000000000000000000000053
:40AE00000000000000000000000000000000000000000000000000000000000000000000000000000000000000000000000000000000000000000000000000000000000012
:40AE400000000000000000000000000000000000000000000000000000000000000000000000000000000000000000000000000000000000000000000000000000000000D2
:40AE80000000000000000000000000000000000000000000000000000000000000000000000000000000000000000000000000000000000000000000000000000000000092
:40AEC0000000000000000000000000000000000000000000000000000000000000000000000000000000000000000000000000000000000000000000000000000000000052
:40AF00000000000000000000000000000000000000000000000000000000000000000000000000000000000000000000000000000000000000000000000000000000000011
:40AF400000000000000000000000000000000000000000000000000000000000000000000000000000000000000000000000000000000000000000000000000000000000D1
:40AF80000000000000000000000000000000000000000000000000000000000000000000000000000000000000000000000000000000000000000000000000000000000091
:40AFC0000000000000000000000000000000000000000000000000000000000000000000000000000000000000000000000000000000000000000000000000000000000051
:40B000000000000000000000000000000000000000000000000000000000000000000000000000000000000000000000000000000000000000000000000000000000000010
:40B0400000000000000000000000000000000000000000000000000000000000000000000000000000000000000000000000000000000000000000000000000000000000D0
:40B080000000000000000000000000000000000000000000000000000000000000000000000000000000000000000000000000000000000000000000000000000000000090
:40B0C0000000000000000000000000000000000000000000000000000000000000000000000000000000000000000000000000000000000000000000000000000000000050
:40B10000000000000000000000000000000000000000000000000000000000000000000000000000000000000000000000000000000000000000000000000000000000000F
:40B1400000000000000000000000000000000000000000000000000000000000000000000000000000000000000000000000000000000000000000000000000000000000CF
:40B18000000000000000000000000000000000000000000000000000000000000000000000000000000000000000000000000000000000000000000000000000000000008F
:40B1C000000000000000000000000000000000000000000000000000000000000000000000000000000000000000000000000000000000000000000000000000000000004F
:40B20000000000000000000000000000000000000000000000000000000000000000000000000000000000000000000000000000000000000000000000000000000000000E
:40B2400000000000000000000000000000000000000000000000000000000000000000000000000000000000000000000000000000000000000000000000000000000000CE
:40B28000000000000000000000000000000000000000000000000000000000000000000000000000000000000000000000000000000000000000000000000000000000008E
:40B2C000000000000000000000000000000000000000000000000000000000000000000000000000000000000000000000000000000000000000000000000000000000004E
:40B30000000000000000000000000000000000000000000000000000000000000000000000000000000000000000000000000000000000000000000000000000000000000D
:40B3400000000000000000000000000000000000000000000000000000000000000000000000000000000000000000000000000000000000000000000000000000000000CD
:40B38000000000000000000000000000000000000000000000000000000000000000000000000000000000000000000000000000000000000000000000000000000000008D
:40B3C000000000000000000000000000000000000000000000000000000000000000000000000000000000000000000000000000000000000000000000000000000000004D
:40B40000000000000000000000000000000000000000000000000000000000000000000000000000000000000000000000000000000000000000000000000000000000000C
:40B4400000000000000000000000000000000000000000000000000000000000000000000000000000000000000000000000000000000000000000000000000000000000CC
:40B48000000000000000000000000000000000000000000000000000000000000000000000000000000000000000000000000000000000000000000000000000000000008C
:40B4C000000000000000000000000000000000000000000000000000000000000000000000000000000000000000000000000000000000000000000000000000000000004C
:40B50000000000000000000000000000000000000000000000000000000000000000000000000000000000000000000000000000000000000000000000000000000000000B
:40B5400000000000000000000000000000000000000000000000000000000000000000000000000000000000000000000000000000000000000000000000000000000000CB
:40B58000000000000000000000000000000000000000000000000000000000000000000000000000000000000000000000000000000000000000000000000000000000008B
:40B5C000000000000000000000000000000000000000000000000000000000000000000000000000000000000000000000000000000000000000000000000000000000004B
:40B60000000000000000000000000000000000000000000000000000000000000000000000000000000000000000000000000000000000000000000000000000000000000A
:40B6400000000000000000000000000000000000000000000000000000000000000000000000000000000000000000000000000000000000000000000000000000000000CA
:40B68000000000000000000000000000000000000000000000000000000000000000000000000000000000000000000000000000000000000000000000000000000000008A
:40B6C000000000000000000000000000000000000000000000000000000000000000000000000000000000000000000000000000000000000000000000000000000000004A
:40B700000000000000000000000000000000000000000000000000000000000000000000000000000000000000000000000000000000000000000000000000000000000009
:40B7400000000000000000000000000000000000000000000000000000000000000000000000000000000000000000000000000000000000000000000000000000000000C9
:40B780000000000000000000000000000000000000000000000000000000000000000000000000000000000000000000000000000000000000000000000000000000000089
:40B7C0000000000000000000000000000000000000000000000000000000000000000000000000000000000000000000000000000000000000000000000000000000000049
:40B800000000000000000000000000000000000000000000000000000000000000000000000000000000000000000000000000000000000000000000000000000000000008
:40B8400000000000000000000000000000000000000000000000000000000000000000000000000000000000000000000000000000000000000000000000000000000000C8
:40B880000000000000000000000000000000000000000000000000000000000000000000000000000000000000000000000000000000000000000000000000000000000088
:40B8C0000000000000000000000000000000000000000000000000000000000000000000000000000000000000000000000000000000000000000000000000000000000048
:40B900000000000000000000000000000000000000000000000000000000000000000000000000000000000000000000000000000000000000000000000000000000000007
:40B9400000000000000000000000000000000000000000000000000000000000000000000000000000000000000000000000000000000000000000000000000000000000C7
:40B980000000000000000000000000000000000000000000000000000000000000000000000000000000000000000000000000000000000000000000000000000000000087
:40B9C0000000000000000000000000000000000000000000000000000000000000000000000000000000000000000000000000000000000000000000000000000000000047
:40BA00000000000000000000000000000000000000000000000000000000000000000000000000000000000000000000000000000000000000000000000000000000000006
:40BA400000000000000000000000000000000000000000000000000000000000000000000000000000000000000000000000000000000000000000000000000000000000C6
:40BA80000000000000000000000000000000000000000000000000000000000000000000000000000000000000000000000000000000000000000000000000000000000086
:40BAC0000000000000000000000000000000000000000000000000000000000000000000000000000000000000000000000000000000000000000000000000000000000046
:40BB00000000000000000000000000000000000000000000000000000000000000000000000000000000000000000000000000000000000000000000000000000000000005
:40BB400000000000000000000000000000000000000000000000000000000000000000000000000000000000000000000000000000000000000000000000000000000000C5
:40BB80000000000000000000000000000000000000000000000000000000000000000000000000000000000000000000000000000000000000000000000000000000000085
:40BBC0000000000000000000000000000000000000000000000000000000000000000000000000000000000000000000000000000000000000000000000000000000000045
:40BC00000000000000000000000000000000000000000000000000000000000000000000000000000000000000000000000000000000000000000000000000000000000004
:40BC400000000000000000000000000000000000000000000000000000000000000000000000000000000000000000000000000000000000000000000000000000000000C4
:40BC80000000000000000000000000000000000000000000000000000000000000000000000000000000000000000000000000000000000000000000000000000000000084
:40BCC0000000000000000000000000000000000000000000000000000000000000000000000000000000000000000000000000000000000000000000000000000000000044
:40BD00000000000000000000000000000000000000000000000000000000000000000000000000000000000000000000000000000000000000000000000000000000000003
:40BD400000000000000000000000000000000000000000000000000000000000000000000000000000000000000000000000000000000000000000000000000000000000C3
:40BD80000000000000000000000000000000000000000000000000000000000000000000000000000000000000000000000000000000000000000000000000000000000083
:40BDC0000000000000000000000000000000000000000000000000000000000000000000000000000000000000000000000000000000000000000000000000000000000043
:40BE00000000000000000000000000000000000000000000000000000000000000000000000000000000000000000000000000000000000000000000000000000000000002
:40BE400000000000000000000000000000000000000000000000000000000000000000000000000000000000000000000000000000000000000000000000000000000000C2
:40BE80000000000000000000000000000000000000000000000000000000000000000000000000000000000000000000000000000000000000000000000000000000000082
:40BEC0000000000000000000000000000000000000000000000000000000000000000000000000000000000000000000000000000000000000000000000000000000000042
:40BF00000000000000000000000000000000000000000000000000000000000000000000000000000000000000000000000000000000000000000000000000000000000001
:40BF400000000000000000000000000000000000000000000000000000000000000000000000000000000000000000000000000000000000000000000000000000000000C1
:40BF80000000000000000000000000000000000000000000000000000000000000000000000000000000000000000000000000000000000000000000000000000000000081
:40BFC0000000000000000000000000000000000000000000000000000000000000000000000000000000000000000000000000000000000000000000000000000000000041
:40C000000000000000000000000000000000000000000000000000000000000000000000000000000000000000000000000000000000000000000000000000000000000000
:40C0400000000000000000000000000000000000000000000000000000000000000000000000000000000000000000000000000000000000000000000000000000000000C0
:40C080000000000000000000000000000000000000000000000000000000000000000000000000000000000000000000000000000000000000000000000000000000000080
:40C0C0000000000000000000000000000000000000000000000000000000000000000000000000000000000000000000000000000000000000000000000000000000000040
:40C1000000000000000000000000000000000000000000000000000000000000000000000000000000000000000000000000000000000000000000000000000000000000FF
:40C1400000000000000000000000000000000000000000000000000000000000000000000000000000000000000000000000000000000000000000000000000000000000BF
:40C18000000000000000000000000000000000000000000000000000000000000000000000000000000000000000000000000000000000000000000000000000000000007F
:40C1C000000000000000000000000000000000000000000000000000000000000000000000000000000000000000000000000000000000000000000000000000000000003F
:40C2000000000000000000000000000000000000000000000000000000000000000000000000000000000000000000000000000000000000000000000000000000000000FE
:40C2400000000000000000000000000000000000000000000000000000000000000000000000000000000000000000000000000000000000000000000000000000000000BE
:40C28000000000000000000000000000000000000000000000000000000000000000000000000000000000000000000000000000000000000000000000000000000000007E
:40C2C000000000000000000000000000000000000000000000000000000000000000000000000000000000000000000000000000000000000000000000000000000000003E
:40C3000000000000000000000000000000000000000000000000000000000000000000000000000000000000000000000000000000000000000000000000000000000000FD
:40C3400000000000000000000000000000000000000000000000000000000000000000000000000000000000000000000000000000000000000000000000000000000000BD
:40C38000000000000000000000000000000000000000000000000000000000000000000000000000000000000000000000000000000000000000000000000000000000007D
:40C3C000000000000000000000000000000000000000000000000000000000000000000000000000000000000000000000000000000000000000000000000000000000003D
:40C4000000000000000000000000000000000000000000000000000000000000000000000000000000000000000000000000000000000000000000000000000000000000FC
:40C4400000000000000000000000000000000000000000000000000000000000000000000000000000000000000000000000000000000000000000000000000000000000BC
:40C48000000000000000000000000000000000000000000000000000000000000000000000000000000000000000000000000000000000000000000000000000000000007C
:40C4C000000000000000000000000000000000000000000000000000000000000000000000000000000000000000000000000000000000000000000000000000000000003C
:40C5000000000000000000000000000000000000000000000000000000000000000000000000000000000000000000000000000000000000000000000000000000000000FB
:40C5400000000000000000000000000000000000000000000000000000000000000000000000000000000000000000000000000000000000000000000000000000000000BB
:40C58000000000000000000000000000000000000000000000000000000000000000000000000000000000000000000000000000000000000000000000000000000000007B
:40C5C000000000000000000000000000000000000000000000000000000000000000000000000000000000000000000000000000000000000000000000000000000000003B
:40C6000000000000000000000000000000000000000000000000000000000000000000000000000000000000000000000000000000000000000000000000000000000000FA
:40C6400000000000000000000000000000000000000000000000000000000000000000000000000000000000000000000000000000000000000000000000000000000000BA
:40C68000000000000000000000000000000000000000000000000000000000000000000000000000000000000000000000000000000000000000000000000000000000007A
:40C6C000000000000000000000000000000000000000000000000000000000000000000000000000000000000000000000000000000000000000000000000000000000003A
:40C7000000000000000000000000000000000000000000000000000000000000000000000000000000000000000000000000000000000000000000000000000000000000F9
:40C7400000000000000000000000000000000000000000000000000000000000000000000000000000000000000000000000000000000000000000000000000000000000B9
:40C780000000000000000000000000000000000000000000000000000000000000000000000000000000000000000000000000000000000000000000000000000000000079
:40C7C0000000000000000000000000000000000000000000000000000000000000000000000000000000000000000000000000000000000000000000000000000000000039
:40C8000000000000000000000000000000000000000000000000000000000000000000000000000000000000000000000000000000000000000000000000000000000000F8
:40C8400000000000000000000000000000000000000000000000000000000000000000000000000000000000000000000000000000000000000000000000000000000000B8
:40C880000000000000000000000000000000000000000000000000000000000000000000000000000000000000000000000000000000000000000000000000000000000078
:40C8C0000000000000000000000000000000000000000000000000000000000000000000000000000000000000000000000000000000000000000000000000000000000038
:40C9000000000000000000000000000000000000000000000000000000000000000000000000000000000000000000000000000000000000000000000000000000000000F7
:40C9400000000000000000000000000000000000000000000000000000000000000000000000000000000000000000000000000000000000000000000000000000000000B7
:40C980000000000000000000000000000000000000000000000000000000000000000000000000000000000000000000000000000000000000000000000000000000000077
:40C9C0000000000000000000000000000000000000000000000000000000000000000000000000000000000000000000000000000000000000000000000000000000000037
:40CA000000000000000000000000000000000000000000000000000000000000000000000000000000000000000000000000000000000000000000000000000000000000F6
:40CA400000000000000000000000000000000000000000000000000000000000000000000000000000000000000000000000000000000000000000000000000000000000B6
:40CA80000000000000000000000000000000000000000000000000000000000000000000000000000000000000000000000000000000000000000000000000000000000076
:40CAC0000000000000000000000000000000000000000000000000000000000000000000000000000000000000000000000000000000000000000000000000000000000036
:40CB000000000000000000000000000000000000000000000000000000000000000000000000000000000000000000000000000000000000000000000000000000000000F5
:40CB400000000000000000000000000000000000000000000000000000000000000000000000000000000000000000000000000000000000000000000000000000000000B5
:40CB80000000000000000000000000000000000000000000000000000000000000000000000000000000000000000000000000000000000000000000000000000000000075
:40CBC0000000000000000000000000000000000000000000000000000000000000000000000000000000000000000000000000000000000000000000000000000000000035
:40CC000000000000000000000000000000000000000000000000000000000000000000000000000000000000000000000000000000000000000000000000000000000000F4
:40CC400000000000000000000000000000000000000000000000000000000000000000000000000000000000000000000000000000000000000000000000000000000000B4
:40CC80000000000000000000000000000000000000000000000000000000000000000000000000000000000000000000000000000000000000000000000000000000000074
:40CCC0000000000000000000000000000000000000000000000000000000000000000000000000000000000000000000000000000000000000000000000000000000000034
:40CD000000000000000000000000000000000000000000000000000000000000000000000000000000000000000000000000000000000000000000000000000000000000F3
:40CD400000000000000000000000000000000000000000000000000000000000000000000000000000000000000000000000000000000000000000000000000000000000B3
:40CD80000000000000000000000000000000000000000000000000000000000000000000000000000000000000000000000000000000000000000000000000000000000073
:40CDC0000000000000000000000000000000000000000000000000000000000000000000000000000000000000000000000000000000000000000000000000000000000033
:40CE000000000000000000000000000000000000000000000000000000000000000000000000000000000000000000000000000000000000000000000000000000000000F2
:40CE400000000000000000000000000000000000000000000000000000000000000000000000000000000000000000000000000000000000000000000000000000000000B2
:40CE80000000000000000000000000000000000000000000000000000000000000000000000000000000000000000000000000000000000000000000000000000000000072
:40CEC0000000000000000000000000000000000000000000000000000000000000000000000000000000000000000000000000000000000000000000000000000000000032
:40CF000000000000000000000000000000000000000000000000000000000000000000000000000000000000000000000000000000000000000000000000000000000000F1
:40CF400000000000000000000000000000000000000000000000000000000000000000000000000000000000000000000000000000000000000000000000000000000000B1
:40CF80000000000000000000000000000000000000000000000000000000000000000000000000000000000000000000000000000000000000000000000000000000000071
:40CFC0000000000000000000000000000000000000000000000000000000000000000000000000000000000000000000000000000000000000000000000000000000000031
:40D0000000000000000000000000000000000000000000000000000000000000000000000000000000000000000000000000000000000000000000000000000000000000F0
:40D0400000000000000000000000000000000000000000000000000000000000000000000000000000000000000000000000000000000000000000000000000000000000B0
:40D080000000000000000000000000000000000000000000000000000000000000000000000000000000000000000000000000000000000000000000000000000000000070
:40D0C0000000000000000000000000000000000000000000000000000000000000000000000000000000000000000000000000000000000000000000000000000000000030
:40D1000000000000000000000000000000000000000000000000000000000000000000000000000000000000000000000000000000000000000000000000000000000000EF
:40D1400000000000000000000000000000000000000000000000000000000000000000000000000000000000000000000000000000000000000000000000000000000000AF
:40D18000000000000000000000000000000000000000000000000000000000000000000000000000000000000000000000000000000000000000000000000000000000006F
:40D1C000000000000000000000000000000000000000000000000000000000000000000000000000000000000000000000000000000000000000000000000000000000002F
:40D2000000000000000000000000000000000000000000000000000000000000000000000000000000000000000000000000000000000000000000000000000000000000EE
:40D2400000000000000000000000000000000000000000000000000000000000000000000000000000000000000000000000000000000000000000000000000000000000AE
:40D28000000000000000000000000000000000000000000000000000000000000000000000000000000000000000000000000000000000000000000000000000000000006E
:40D2C000000000000000000000000000000000000000000000000000000000000000000000000000000000000000000000000000000000000000000000000000000000002E
:40D3000000000000000000000000000000000000000000000000000000000000000000000000000000000000000000000000000000000000000000000000000000000000ED
:40D3400000000000000000000000000000000000000000000000000000000000000000000000000000000000000000000000000000000000000000000000000000000000AD
:40D38000000000000000000000000000000000000000000000000000000000000000000000000000000000000000000000000000000000000000000000000000000000006D
:40D3C000000000000000000000000000000000000000000000000000000000000000000000000000000000000000000000000000000000000000000000000000000000002D
:40D4000000000000000000000000000000000000000000000000000000000000000000000000000000000000000000000000000000000000000000000000000000000000EC
:40D4400000000000000000000000000000000000000000000000000000000000000000000000000000000000000000000000000000000000000000000000000000000000AC
:40D48000000000000000000000000000000000000000000000000000000000000000000000000000000000000000000000000000000000000000000000000000000000006C
:40D4C000000000000000000000000000000000000000000000000000000000000000000000000000000000000000000000000000000000000000000000000000000000002C
:40D5000000000000000000000000000000000000000000000000000000000000000000000000000000000000000000000000000000000000000000000000000000000000EB
:40D5400000000000000000000000000000000000000000000000000000000000000000000000000000000000000000000000000000000000000000000000000000000000AB
:40D58000000000000000000000000000000000000000000000000000000000000000000000000000000000000000000000000000000000000000000000000000000000006B
:40D5C000000000000000000000000000000000000000000000000000000000000000000000000000000000000000000000000000000000000000000000000000000000002B
:40D6000000000000000000000000000000000000000000000000000000000000000000000000000000000000000000000000000000000000000000000000000000000000EA
:40D6400000000000000000000000000000000000000000000000000000000000000000000000000000000000000000000000000000000000000000000000000000000000AA
:40D68000000000000000000000000000000000000000000000000000000000000000000000000000000000000000000000000000000000000000000000000000000000006A
:40D6C000000000000000000000000000000000000000000000000000000000000000000000000000000000000000000000000000000000000000000000000000000000002A
:40D7000000000000000000000000000000000000000000000000000000000000000000000000000000000000000000000000000000000000000000000000000000000000E9
:40D7400000000000000000000000000000000000000000000000000000000000000000000000000000000000000000000000000000000000000000000000000000000000A9
:40D780000000000000000000000000000000000000000000000000000000000000000000000000000000000000000000000000000000000000000000000000000000000069
:40D7C0000000000000000000000000000000000000000000000000000000000000000000000000000000000000000000000000000000000000000000000000000000000029
:40D8000000000000000000000000000000000000000000000000000000000000000000000000000000000000000000000000000000000000000000000000000000000000E8
:40D8400000000000000000000000000000000000000000000000000000000000000000000000000000000000000000000000000000000000000000000000000000000000A8
:40D880000000000000000000000000000000000000000000000000000000000000000000000000000000000000000000000000000000000000000000000000000000000068
:40D8C0000000000000000000000000000000000000000000000000000000000000000000000000000000000000000000000000000000000000000000000000000000000028
:40D9000000000000000000000000000000000000000000000000000000000000000000000000000000000000000000000000000000000000000000000000000000000000E7
:40D9400000000000000000000000000000000000000000000000000000000000000000000000000000000000000000000000000000000000000000000000000000000000A7
:40D980000000000000000000000000000000000000000000000000000000000000000000000000000000000000000000000000000000000000000000000000000000000067
:40D9C0000000000000000000000000000000000000000000000000000000000000000000000000000000000000000000000000000000000000000000000000000000000027
:40DA000000000000000000000000000000000000000000000000000000000000000000000000000000000000000000000000000000000000000000000000000000000000E6
:40DA400000000000000000000000000000000000000000000000000000000000000000000000000000000000000000000000000000000000000000000000000000000000A6
:40DA80000000000000000000000000000000000000000000000000000000000000000000000000000000000000000000000000000000000000000000000000000000000066
:40DAC0000000000000000000000000000000000000000000000000000000000000000000000000000000000000000000000000000000000000000000000000000000000026
:40DB000000000000000000000000000000000000000000000000000000000000000000000000000000000000000000000000000000000000000000000000000000000000E5
:40DB400000000000000000000000000000000000000000000000000000000000000000000000000000000000000000000000000000000000000000000000000000000000A5
:40DB80000000000000000000000000000000000000000000000000000000000000000000000000000000000000000000000000000000000000000000000000000000000065
:40DBC0000000000000000000000000000000000000000000000000000000000000000000000000000000000000000000000000000000000000000000000000000000000025
:40DC000000000000000000000000000000000000000000000000000000000000000000000000000000000000000000000000000000000000000000000000000000000000E4
:40DC400000000000000000000000000000000000000000000000000000000000000000000000000000000000000000000000000000000000000000000000000000000000A4
:40DC80000000000000000000000000000000000000000000000000000000000000000000000000000000000000000000000000000000000000000000000000000000000064
:40DCC0000000000000000000000000000000000000000000000000000000000000000000000000000000000000000000000000000000000000000000000000000000000024
:40DD000000000000000000000000000000000000000000000000000000000000000000000000000000000000000000000000000000000000000000000000000000000000E3
:40DD400000000000000000000000000000000000000000000000000000000000000000000000000000000000000000000000000000000000000000000000000000000000A3
:40DD80000000000000000000000000000000000000000000000000000000000000000000000000000000000000000000000000000000000000000000000000000000000063
:40DDC0000000000000000000000000000000000000000000000000000000000000000000000000000000000000000000000000000000000000000000000000000000000023
:40DE000000000000000000000000000000000000000000000000000000000000000000000000000000000000000000000000000000000000000000000000000000000000E2
:40DE400000000000000000000000000000000000000000000000000000000000000000000000000000000000000000000000000000000000000000000000000000000000A2
:40DE80000000000000000000000000000000000000000000000000000000000000000000000000000000000000000000000000000000000000000000000000000000000062
:40DEC0000000000000000000000000000000000000000000000000000000000000000000000000000000000000000000000000000000000000000000000000000000000022
:40DF000000000000000000000000000000000000000000000000000000000000000000000000000000000000000000000000000000000000000000000000000000000000E1
:40DF400000000000000000000000000000000000000000000000000000000000000000000000000000000000000000000000000000000000000000000000000000000000A1
:40DF80000000000000000000000000000000000000000000000000000000000000000000000000000000000000000000000000000000000000000000000000000000000061
:40DFC0000000000000000000000000000000000000000000000000000000000000000000000000000000000000000000000000000000000000000000000000000000000021
:40E0000000000000000000000000000000000000000000000000000000000000000000000000000000000000000000000000000000000000000000000000000000000000E0
:40E0400000000000000000000000000000000000000000000000000000000000000000000000000000000000000000000000000000000000000000000000000000000000A0
:40E080000000000000000000000000000000000000000000000000000000000000000000000000000000000000000000000000000000000000000000000000000000000060
:40E0C0000000000000000000000000000000000000000000000000000000000000000000000000000000000000000000000000000000000000000000000000000000000020
:40E1000000000000000000000000000000000000000000000000000000000000000000000000000000000000000000000000000000000000000000000000000000000000DF
:40E14000000000000000000000000000000000000000000000000000000000000000000000000000000000000000000000000000000000000000000000000000000000009F
:40E18000000000000000000000000000000000000000000000000000000000000000000000000000000000000000000000000000000000000000000000000000000000005F
:40E1C000000000000000000000000000000000000000000000000000000000000000000000000000000000000000000000000000000000000000000000000000000000001F
:40E2000000000000000000000000000000000000000000000000000000000000000000000000000000000000000000000000000000000000000000000000000000000000DE
:40E24000000000000000000000000000000000000000000000000000000000000000000000000000000000000000000000000000000000000000000000000000000000009E
:40E28000000000000000000000000000000000000000000000000000000000000000000000000000000000000000000000000000000000000000000000000000000000005E
:40E2C000000000000000000000000000000000000000000000000000000000000000000000000000000000000000000000000000000000000000000000000000000000001E
:40E3000000000000000000000000000000000000000000000000000000000000000000000000000000000000000000000000000000000000000000000000000000000000DD
:40E34000000000000000000000000000000000000000000000000000000000000000000000000000000000000000000000000000000000000000000000000000000000009D
:40E38000000000000000000000000000000000000000000000000000000000000000000000000000000000000000000000000000000000000000000000000000000000005D
:40E3C000000000000000000000000000000000000000000000000000000000000000000000000000000000000000000000000000000000000000000000000000000000001D
:40E4000000000000000000000000000000000000000000000000000000000000000000000000000000000000000000000000000000000000000000000000000000000000DC
:40E44000000000000000000000000000000000000000000000000000000000000000000000000000000000000000000000000000000000000000000000000000000000009C
:40E48000000000000000000000000000000000000000000000000000000000000000000000000000000000000000000000000000000000000000000000000000000000005C
:40E4C000000000000000000000000000000000000000000000000000000000000000000000000000000000000000000000000000000000000000000000000000000000001C
:40E5000000000000000000000000000000000000000000000000000000000000000000000000000000000000000000000000000000000000000000000000000000000000DB
:40E54000000000000000000000000000000000000000000000000000000000000000000000000000000000000000000000000000000000000000000000000000000000009B
:40E58000000000000000000000000000000000000000000000000000000000000000000000000000000000000000000000000000000000000000000000000000000000005B
:40E5C000000000000000000000000000000000000000000000000000000000000000000000000000000000000000000000000000000000000000000000000000000000001B
:40E6000000000000000000000000000000000000000000000000000000000000000000000000000000000000000000000000000000000000000000000000000000000000DA
:40E64000000000000000000000000000000000000000000000000000000000000000000000000000000000000000000000000000000000000000000000000000000000009A
:40E68000000000000000000000000000000000000000000000000000000000000000000000000000000000000000000000000000000000000000000000000000000000005A
:40E6C000000000000000000000000000000000000000000000000000000000000000000000000000000000000000000000000000000000000000000000000000000000001A
:40E7000000000000000000000000000000000000000000000000000000000000000000000000000000000000000000000000000000000000000000000000000000000000D9
:40E740000000000000000000000000000000000000000000000000000000000000000000000000000000000000000000000000000000000000000000000000000000000099
:40E780000000000000000000000000000000000000000000000000000000000000000000000000000000000000000000000000000000000000000000000000000000000059
:40E7C0000000000000000000000000000000000000000000000000000000000000000000000000000000000000000000000000000000000000000000000000000000000019
:40E8000000000000000000000000000000000000000000000000000000000000000000000000000000000000000000000000000000000000000000000000000000000000D8
:40E840000000000000000000000000000000000000000000000000000000000000000000000000000000000000000000000000000000000000000000000000000000000098
:40E880000000000000000000000000000000000000000000000000000000000000000000000000000000000000000000000000000000000000000000000000000000000058
:40E8C0000000000000000000000000000000000000000000000000000000000000000000000000000000000000000000000000000000000000000000000000000000000018
:40E9000000000000000000000000000000000000000000000000000000000000000000000000000000000000000000000000000000000000000000000000000000000000D7
:40E940000000000000000000000000000000000000000000000000000000000000000000000000000000000000000000000000000000000000000000000000000000000097
:40E980000000000000000000000000000000000000000000000000000000000000000000000000000000000000000000000000000000000000000000000000000000000057
:40E9C0000000000000000000000000000000000000000000000000000000000000000000000000000000000000000000000000000000000000000000000000000000000017
:40EA000000000000000000000000000000000000000000000000000000000000000000000000000000000000000000000000000000000000000000000000000000000000D6
:40EA40000000000000000000000000000000000000000000000000000000000000000000000000000000000000000000000000000000000000000000000000000000000096
:40EA80000000000000000000000000000000000000000000000000000000000000000000000000000000000000000000000000000000000000000000000000000000000056
:40EAC0000000000000000000000000000000000000000000000000000000000000000000000000000000000000000000000000000000000000000000000000000000000016
:40EB000000000000000000000000000000000000000000000000000000000000000000000000000000000000000000000000000000000000000000000000000000000000D5
:40EB40000000000000000000000000000000000000000000000000000000000000000000000000000000000000000000000000000000000000000000000000000000000095
:40EB80000000000000000000000000000000000000000000000000000000000000000000000000000000000000000000000000000000000000000000000000000000000055
:40EBC0000000000000000000000000000000000000000000000000000000000000000000000000000000000000000000000000000000000000000000000000000000000015
:40EC000000000000000000000000000000000000000000000000000000000000000000000000000000000000000000000000000000000000000000000000000000000000D4
:40EC40000000000000000000000000000000000000000000000000000000000000000000000000000000000000000000000000000000000000000000000000000000000094
:40EC80000000000000000000000000000000000000000000000000000000000000000000000000000000000000000000000000000000000000000000000000000000000054
:40ECC0000000000000000000000000000000000000000000000000000000000000000000000000000000000000000000000000000000000000000000000000000000000014
:40ED000000000000000000000000000000000000000000000000000000000000000000000000000000000000000000000000000000000000000000000000000000000000D3
:40ED40000000000000000000000000000000000000000000000000000000000000000000000000000000000000000000000000000000000000000000000000000000000093
:40ED80000000000000000000000000000000000000000000000000000000000000000000000000000000000000000000000000000000000000000000000000000000000053
:40EDC0000000000000000000000000000000000000000000000000000000000000000000000000000000000000000000000000000000000000000000000000000000000013
:40EE000000000000000000000000000000000000000000000000000000000000000000000000000000000000000000000000000000000000000000000000000000000000D2
:40EE40000000000000000000000000000000000000000000000000000000000000000000000000000000000000000000000000000000000000000000000000000000000092
:40EE80000000000000000000000000000000000000000000000000000000000000000000000000000000000000000000000000000000000000000000000000000000000052
:40EEC0000000000000000000000000000000000000000000000000000000000000000000000000000000000000000000000000000000000000000000000000000000000012
:40EF000000000000000000000000000000000000000000000000000000000000000000000000000000000000000000000000000000000000000000000000000000000000D1
:40EF40000000000000000000000000000000000000000000000000000000000000000000000000000000000000000000000000000000000000000000000000000000000091
:40EF80000000000000000000000000000000000000000000000000000000000000000000000000000000000000000000000000000000000000000000000000000000000051
:40EFC0000000000000000000000000000000000000000000000000000000000000000000000000000000000000000000000000000000000000000000000000000000000011
:40F0000000000000000000000000000000000000000000000000000000000000000000000000000000000000000000000000000000000000000000000000000000000000D0
:40F040000000000000000000000000000000000000000000000000000000000000000000000000000000000000000000000000000000000000000000000000000000000090
:40F080000000000000000000000000000000000000000000000000000000000000000000000000000000000000000000000000000000000000000000000000000000000050
:40F0C0000000000000000000000000000000000000000000000000000000000000000000000000000000000000000000000000000000000000000000000000000000000010
:40F1000000000000000000000000000000000000000000000000000000000000000000000000000000000000000000000000000000000000000000000000000000000000CF
:40F14000000000000000000000000000000000000000000000000000000000000000000000000000000000000000000000000000000000000000000000000000000000008F
:40F18000000000000000000000000000000000000000000000000000000000000000000000000000000000000000000000000000000000000000000000000000000000004F
:40F1C000000000000000000000000000000000000000000000000000000000000000000000000000000000000000000000000000000000000000000000000000000000000F
:40F2000000000000000000000000000000000000000000000000000000000000000000000000000000000000000000000000000000000000000000000000000000000000CE
:40F24000000000000000000000000000000000000000000000000000000000000000000000000000000000000000000000000000000000000000000000000000000000008E
:40F28000000000000000000000000000000000000000000000000000000000000000000000000000000000000000000000000000000000000000000000000000000000004E
:40F2C000000000000000000000000000000000000000000000000000000000000000000000000000000000000000000000000000000000000000000000000000000000000E
:40F3000000000000000000000000000000000000000000000000000000000000000000000000000000000000000000000000000000000000000000000000000000000000CD
:40F34000000000000000000000000000000000000000000000000000000000000000000000000000000000000000000000000000000000000000000000000000000000008D
:40F38000000000000000000000000000000000000000000000000000000000000000000000000000000000000000000000000000000000000000000000000000000000004D
:40F3C000000000000000000000000000000000000000000000000000000000000000000000000000000000000000000000000000000000000000000000000000000000000D
:40F4000000000000000000000000000000000000000000000000000000000000000000000000000000000000000000000000000000000000000000000000000000000000CC
:40F44000000000000000000000000000000000000000000000000000000000000000000000000000000000000000000000000000000000000000000000000000000000008C
:40F48000000000000000000000000000000000000000000000000000000000000000000000000000000000000000000000000000000000000000000000000000000000004C
:40F4C000000000000000000000000000000000000000000000000000000000000000000000000000000000000000000000000000000000000000000000000000000000000C
:40F5000000000000000000000000000000000000000000000000000000000000000000000000000000000000000000000000000000000000000000000000000000000000CB
:40F54000000000000000000000000000000000000000000000000000000000000000000000000000000000000000000000000000000000000000000000000000000000008B
:40F58000000000000000000000000000000000000000000000000000000000000000000000000000000000000000000000000000000000000000000000000000000000004B
:40F5C000000000000000000000000000000000000000000000000000000000000000000000000000000000000000000000000000000000000000000000000000000000000B
:40F6000000000000000000000000000000000000000000000000000000000000000000000000000000000000000000000000000000000000000000000000000000000000CA
:40F64000000000000000000000000000000000000000000000000000000000000000000000000000000000000000000000000000000000000000000000000000000000008A
:40F68000000000000000000000000000000000000000000000000000000000000000000000000000000000000000000000000000000000000000000000000000000000004A
:40F6C000000000000000000000000000000000000000000000000000000000000000000000000000000000000000000000000000000000000000000000000000000000000A
:40F7000000000000000000000000000000000000000000000000000000000000000000000000000000000000000000000000000000000000000000000000000000000000C9
:40F740000000000000000000000000000000000000000000000000000000000000000000000000000000000000000000000000000000000000000000000000000000000089
:40F780000000000000000000000000000000000000000000000000000000000000000000000000000000000000000000000000000000000000000000000000000000000049
:40F7C0000000000000000000000000000000000000000000000000000000000000000000000000000000000000000000000000000000000000000000000000000000000009
:40F8000000000000000000000000000000000000000000000000000000000000000000000000000000000000000000000000000000000000000000000000000000000000C8
:40F840000000000000000000000000000000000000000000000000000000000000000000000000000000000000000000000000000000000000000000000000000000000088
:40F880000000000000000000000000000000000000000000000000000000000000000000000000000000000000000000000000000000000000000000000000000000000048
:40F8C0000000000000000000000000000000000000000000000000000000000000000000000000000000000000000000000000000000000000000000000000000000000008
:40F9000000000000000000000000000000000000000000000000000000000000000000000000000000000000000000000000000000000000000000000000000000000000C7
:40F940000000000000000000000000000000000000000000000000000000000000000000000000000000000000000000000000000000000000000000000000000000000087
:40F980000000000000000000000000000000000000000000000000000000000000000000000000000000000000000000000000000000000000000000000000000000000047
:40F9C0000000000000000000000000000000000000000000000000000000000000000000000000000000000000000000000000000000000000000000000000000000000007
:40FA000000000000000000000000000000000000000000000000000000000000000000000000000000000000000000000000000000000000000000000000000000000000C6
:40FA40000000000000000000000000000000000000000000000000000000000000000000000000000000000000000000000000000000000000000000000000000000000086
:40FA80000000000000000000000000000000000000000000000000000000000000000000000000000000000000000000000000000000000000000000000000000000000046
:40FAC0000000000000000000000000000000000000000000000000000000000000000000000000000000000000000000000000000000000000000000000000000000000006
:40FB000000000000000000000000000000000000000000000000000000000000000000000000000000000000000000000000000000000000000000000000000000000000C5
:40FB40000000000000000000000000000000000000000000000000000000000000000000000000000000000000000000000000000000000000000000000000000000000085
:40FB80000000000000000000000000000000000000000000000000000000000000000000000000000000000000000000000000000000000000000000000000000000000045
:40FBC0000000000000000000000000000000000000000000000000000000000000000000000000000000000000000000000000000000000000000000000000000000000005
:40FC000000000000000000000000000000000000000000000000000000000000000000000000000000000000000000000000000000000000000000000000000000000000C4
:40FC40000000000000000000000000000000000000000000000000000000000000000000000000000000000000000000000000000000000000000000000000000000000084
:40FC80000000000000000000000000000000000000000000000000000000000000000000000000000000000000000000000000000000000000000000000000000000000044
:40FCC0000000000000000000000000000000000000000000000000000000000000000000000000000000000000000000000000000000000000000000000000000000000004
:40FD000000000000000000000000000000000000000000000000000000000000000000000000000000000000000000000000000000000000000000000000000000000000C3
:40FD40000000000000000000000000000000000000000000000000000000000000000000000000000000000000000000000000000000000000000000000000000000000083
:40FD80000000000000000000000000000000000000000000000000000000000000000000000000000000000000000000000000000000000000000000000000000000000043
:40FDC0000000000000000000000000000000000000000000000000000000000000000000000000000000000000000000000000000000000000000000000000000000000003
:40FE000000000000000000000000000000000000000000000000000000000000000000000000000000000000000000000000000000000000000000000000000000000000C2
:40FE40000000000000000000000000000000000000000000000000000000000000000000000000000000000000000000000000000000000000000000000000000000000082
:40FE80000000000000000000000000000000000000000000000000000000000000000000000000000000000000000000000000000000000000000000000000000000000042
:40FEC0000000000000000000000000000000000000000000000000000000000000000000000000000000000000000000000000000000000000000000000000000000000002
:40FF000000000000000000000000000000000000000000000000000000000000000000000000000000000000000000000000000000000000000000000000000000000000C1
:40FF40000000000000000000000000000000000000000000000000000000000000000000000000000000000000000000000000000000000000000000000000000000000081
:40FF80000000000000000000000000000000000000000000000000000000000000000000000000000000000000000000000000000000000000000000000000000000000041
:40FFC0002E111A00001900000000CA0000000000000000000000000000000000000000000000000000000000000000000000000000000000000000000000000000000000C5
:0200000490303A
:02000000CD85AC
:0200000490402A
:4000000000000000000000000000000000000000000000000000000000000000000000000000000000000000000000000000000000000000000000000000000000000000C0
:0200000490501A
:0C0000000002256A11B5000125B0DF3AAE
:0200000490600A
:0100000001FE
:00000001FF